id,name_ch,name,match_title,match_id,similarity,match_url,true_match
1,榮耀歸與最高神, Glory To God In The Highest,When I've run the race before me,8773.0,0.0,https://www.hymnal.net/en/hymn/h/8773,
2,聖哉聖哉聖哉," Holy, Holy, Holy",,6.0,,https://www.hymnal.net/en/hymn/h/6,TRUE
3,三一頌, Doxology,,,0.0,,
4,當讚美聖父, Praise Ye The Father,"O God and Father, we our praises bring",54.0,0.0,https://www.hymnal.net/en/hymn/h/54,
5,全能君王降臨," Come, Thou Almighty King","Come, Thou Almighty King",3.0,1.0,https://www.hymnal.net/en/hymn/h/3,TRUE
6,主阿你的名何其美, How Excellent Is Thy Name,"O Lord, our Lord, how excellent",1097.0,0.125,https://www.hymnal.net/en/hymn/h/1097,
7,偉大的神, How Great Thou Art,"My Father God, when on Thy vast creation",17.0,0.0,https://www.hymnal.net/en/hymn/h/17,
8,讚美我主全能主神," Praise To The Lord, The Almighty","Praise to the Lord, the Almighty",166.0,1.0,https://www.hymnal.net/en/hymn/h/166,TRUE
9,快樂快樂我們敬拜," Joyful, Joyful, We Adore Thee",O Come All Ye Faithful,85.0,0.0,https://www.hymnal.net/en/hymn/h/85,
10,主手所造萬象生靈, All Creatures Of Our God And King,In the Name of Jesus,76.0,0.0,https://www.hymnal.net/en/hymn/h/76,
11,仰看穹蒼浩大無窮, The Spacious Firmament On High,,,0.0,,
12,這是天父世界, This Is My Father's World,My Father is rich in houses and lands,732.0,0.0909090909090909,https://www.hymnal.net/en/hymn/h/732,
13,主耶和華我的力量, Lord Jehovah My Strength,When sorrow and storms are besetting my track,8519.0,0.0,https://www.hymnal.net/en/hymn/h/8519,
14,不能朽不能見獨一的真神," Immortal, Invisible, God Only Wise","Immortal, invisible, God only wise",14.0,1.0,https://www.hymnal.net/en/hymn/h/14,TRUE
15,神阿你是何等奇妙," My God, How Wonderful Thou Art",,,0.0,,
16,頌讚與尊貴, Blessing And Honor,Blessing and honor and glory be Thine,241.0,0.333333333333333,https://www.hymnal.net/en/hymn/h/241,TRUE
17,我們不會疲倦," We Are Never, Never Weary",We are never weary singing our eternal song,41.0,0.375,https://www.hymnal.net/en/hymn/h/41,TRUE
18,神聖之愛遠超眾愛," Love Divine, All Loves Excelling",,,0.0,,
19,世上罪人為何徬徨," Souls Of Men, Why Will Ye Scatter",,,0.0,,
20,真神之愛, The Love Of God,Is your life a channel of blessing,928.0,0.0,https://www.hymnal.net/en/hymn/h/928,
21,父阿久在創世之前," Father, 'Twas Thy Love That Knew Us","Father, 'twas Thy love that knew us",34.0,1.0,https://www.hymnal.net/en/hymn/h/34,TRUE
22,我要唱耶和華的大慈愛, I Will Sing Of The Mercies Of The Lord,Jesus is my King all-glorious,8127.0,0.0,https://www.hymnal.net/en/hymn/h/8127,
23,神啊你為何故," What Was It, Blessed God","What was it, blessed God",29.0,1.0,https://www.hymnal.net/en/hymn/h/29,TRUE
24,神哪你在聖所之內," O God, Within The Holy Place",My home is God Himself; Christ brought me there,605.0,0.0,https://www.hymnal.net/en/hymn/h/605,
25,沒有血沒有壇," No Blood, No Altar Now","No blood, no altar now",106.0,1.0,https://www.hymnal.net/en/hymn/h/106,TRUE
26,哦神是你召我們," By Thee, O God, Invited","By Thee, O God, invited",42.0,1.0,https://www.hymnal.net/en/hymn/h/42,TRUE
27,我為甚麼憂懼疑惑," Why Should I Worry, Doubt And Fear?","Why should I worry, doubt and fear",1003.0,1.0,https://www.hymnal.net/en/hymn/h/1003,TRUE
28,我主耶穌是我的義," Jesus, Thy Blood And Righteousness",,295.0,,https://www.hymnal.net/en/hymn/h/295,TRUE
29,穩踏磐石, The Solid Rock,My hope is built on nothing less,298.0,0.0,https://www.hymnal.net/en/hymn/h/298,
30,我們聽見慈愛之聲, We Hear The Words Of Love,"Faith of our fathers, living still",830.0,0.0,https://www.hymnal.net/en/hymn/h/830,
31,坦然無懼來到神前, A Mind At Perfect Peace,A mind at perfect peace with God,299.0,0.666666666666667,https://www.hymnal.net/en/hymn/h/299,
32,我心應當來稱頌主," Praise, My Soul, The King Of Heaven","Praise to the Lord, the Almighty",166.0,0.0,https://www.hymnal.net/en/hymn/h/166,
33,榮耀歸與真神, To God Be The Glory,,39.0,,https://www.hymnal.net/en/hymn/h/39,TRUE
34,我要抬頭向眾山嶺舉目, Unto The Hills Around,Unto the hills around do I lift up,604.0,0.428571428571429,https://www.hymnal.net/en/hymn/h/604,
35,神我要讚美你," We Praise Thee, O God","God, we praise Thee for Thy mercy",40.0,0.25,https://www.hymnal.net/en/hymn/h/40,TRUE
36,永遠的光, Eternal Light,Eternal Light! Eternal Light,603.0,0.5,https://www.hymnal.net/en/hymn/h/603,
37,亞伯拉罕的神, The God Of Abraham Praise,We are the Hebrews! Praise the Lord,1270.0,0.0,https://www.hymnal.net/en/hymn/h/1270,
38,阿爸我們來頌讚你," Abba, Father! We Adore Thee","Abba, Father! we adore Thee",45.0,1.0,https://www.hymnal.net/en/hymn/h/45,TRUE
39,阿爸父阿我們現在," Abba, Father, We Approach Thee","Abba, Father, we approach Thee",43.0,1.0,https://www.hymnal.net/en/hymn/h/43,TRUE
40,父阿兒女稱頌你名," Father, Thy Name Our Souls Would Bless","Father, Thy name our souls would bless",47.0,1.0,https://www.hymnal.net/en/hymn/h/47,TRUE
41,父前拜禮," Father, To Thee A Joyful Song We Raise","Father, to Thee a joyful song we raise",52.0,1.0,https://www.hymnal.net/en/hymn/h/52,TRUE
42,看哪父賜何等的愛, Behold! What Manner Of Love,,,0.0,,
43,萬福之父恩深無際," Blest Father, Infinite In Grace",,,0.0,,
44,父神阿你在羔羊裡, O God! We See Thee In The Lamb,O God! we see Thee in the Lamb,37.0,1.0,https://www.hymnal.net/en/hymn/h/37,TRUE
45,請聽佳音救主降生, Hark! The Glad Sound,"Hark what a sound, and too divine for hearing",969.0,0.0,https://www.hymnal.net/en/hymn/h/969,
46,聽阿天使高聲唱, Hark! The Herald Angels Sing,Hark! the herald angels sing,84.0,1.0,https://www.hymnal.net/en/hymn/h/84,TRUE
47,普世歡騰, Joy To The World,"Father, to Thee a joyful song we raise",52.0,0.0,https://www.hymnal.net/en/hymn/h/52,
48,天使歌唱在高天, Angels We Have Heard On High,,,0.0,,
49,以馬內利懇求降臨," O Come, O Come, Emmanuel",There's a light upon the mountains,954.0,0.0,https://www.hymnal.net/en/hymn/h/954,
50,哦來蒙恩群眾," O Come, All Ye Faithful",O Come All Ye Faithful,85.0,1.0,https://www.hymnal.net/en/hymn/h/85,TRUE
51,離棄寶座撇下王冕, Thou Didst Leave Thy Throne,Thou didst leave Thy throne and Thy kingly crown,1060.0,0.5,https://www.hymnal.net/en/hymn/h/1060,
52,耶穌我救主降生馬槽中," Jesus, My Saviour, To Bethlehem Came",,,0.0,,
53,我有一位奇妙救主, I Have A Friend Whose Faithful Love,"I have a Friend, whose faithful love",156.0,1.0,https://www.hymnal.net/en/hymn/h/156,TRUE
54,華美天庭, Ivory Palaces,"Lord, Thou art the lovely Bridegroom",170.0,0.0,https://www.hymnal.net/en/hymn/h/170,
55,哦主我們今想到你," O Lord, When We The Path Retrace",O Lord! When we the path retrace,87.0,1.0,https://www.hymnal.net/en/hymn/h/87,TRUE
56,在加利利沿海之地, The Coastal Land In The Galilee,,,0.0,,
57,耶穌我主榮耀王, The Glory Of Our Lord Jesus King,In the Name of Jesus,76.0,0.0,https://www.hymnal.net/en/hymn/h/76,
58,有一日, One Day,Christ is our manna true,1147.0,0.0,https://www.hymnal.net/en/hymn/h/1147,
59,哦滿了傷痕的頭, O Head Once Full Of Bruises,O Head once full of bruises,95.0,1.0,https://www.hymnal.net/en/hymn/h/95,TRUE
60,主你聖首滿傷跡," O Sacred Head, Now Wounded",,,0.0,,
61,我們的靈伏著注視, Gazing On The Lord In Glory,Gazing on the Lord in glory,136.0,1.0,https://www.hymnal.net/en/hymn/h/136,TRUE
62,耶穌獨自祈禱, It Was Alone The Savior Prayed,It was alone the Savior prayed,91.0,1.0,https://www.hymnal.net/en/hymn/h/91,TRUE
63,此時何時孤單之時, O Solemn Hour,O solemn hour! O hour alone,110.0,0.4,https://www.hymnal.net/en/hymn/h/110,
64,加略山嶺, On Calvary's Brow,On Calvary's brow my Savior died,307.0,0.5,https://www.hymnal.net/en/hymn/h/307,
65,救主為我十架受害, It Was For Me The Savior Died,It was alone the Savior prayed,91.0,0.222222222222222,https://www.hymnal.net/en/hymn/h/91,FALSE
66,主當我們漂流曠野," Lord, Thy Love Has Sought And Found Us","Lord, Thy love has sought and found us",158.0,1.0,https://www.hymnal.net/en/hymn/h/158,TRUE
67,遠山迢迢其色青青, There Is A Green Hill Far Away,There is a green hill far away,995.0,1.0,https://www.hymnal.net/en/hymn/h/995,TRUE
68,哦主求你指教我, O Teach Me What It Meaneth,O teach me what it meaneth,1076.0,1.0,https://www.hymnal.net/en/hymn/h/1076,TRUE
69,我每靜念那十字架, When I Survey The Wondrous Cross,When we survey the wondrous cross,101.0,0.428571428571429,https://www.hymnal.net/en/hymn/h/101,
70,哈利路亞何等救主, Hallelujah! What A Saviour,,,0.0,,
71,哎呀救主真曾流血, Alas! And Did My Saviour Bleed?,,,0.0,,
72,看哪神的羔羊, Behold The Lamb Of God,Behold! behold the Lamb of God,103.0,0.8,https://www.hymnal.net/en/hymn/h/103,
73,哦主甚麼使你頭垂," O Christ, What Burdens Bowed Thy Head",,,0.0,,
74,憐憫慈愛, Merciful And Loving,Merciful and loving,988.0,1.0,https://www.hymnal.net/en/hymn/h/988,TRUE
75,何等奇妙的救主, What A Wonderful Saviour,,,0.0,,
76,主我寶貴你的行徑," Lord, We Treasure With Affection","Lord, we treasure with affection",93.0,1.0,https://www.hymnal.net/en/hymn/h/93,TRUE
77,永久磐石, Rock Of Ages,Fainting in the desert,248.0,0.0,https://www.hymnal.net/en/hymn/h/248,
78,近十架, Near The Cross,"Jesus, keep me near the cross",1059.0,0.4,https://www.hymnal.net/en/hymn/h/1059,TRUE
79,古老的十字架, The Old Rugged Cross,The old rugged cross,618.0,1.0,https://www.hymnal.net/en/hymn/h/618,TRUE
80,祂去加略, All The Way To Calvary He Went For Me,Crucified with Christ my Savior,481.0,0.0,https://www.hymnal.net/en/hymn/h/481,
81,主是為我釘十字架, For Me The Lord Was Crucified,At Calvary,342.0,0.0,https://www.hymnal.net/en/hymn/h/342,
82,在主十架之下, Beneath The Cross Of Jesus,Beneath the cross of Jesus,621.0,1.0,https://www.hymnal.net/en/hymn/h/621,TRUE
83,救主藉著永遠的靈, It Was Through God's Eternal Spirit,Man's Creator has a purpose,1299.0,0.0,https://www.hymnal.net/en/hymn/h/1299,
84,祂不能救自己, Himself He Could Not Save,Himself He could not save,105.0,1.0,https://www.hymnal.net/en/hymn/h/105,TRUE
85,頌讚聲音何等難得, How Pleasant Is The Sound Of Praise,How pleasant is the sound of praise,113.0,1.0,https://www.hymnal.net/en/hymn/h/113,TRUE
86,無他只有耶穌寶血, Nothing But The Blood Of Jesus,What can wash away my sin,1008.0,0.0,https://www.hymnal.net/en/hymn/h/1008,
87,你愛所給雖然甚多, Of All The Gifts Thy Love Bestows,Of all the gifts Thy love bestows,38.0,1.0,https://www.hymnal.net/en/hymn/h/38,TRUE
88,曾否在羔羊血洗清潔, Are You Washed In The Blood?,Have you been to Jesus for the cleansing pow'r,1007.0,0.0,https://www.hymnal.net/en/hymn/h/1007,
89,我一見這血, When I See The Blood,Christ our Redeemer died on the cross,1005.0,0.0,https://www.hymnal.net/en/hymn/h/1005,
90,有一血泉, There Is A Fountain Filled With Blood,There is a fountain filled with blood,1006.0,1.0,https://www.hymnal.net/en/hymn/h/1006,TRUE
91,權能是在血, There Is Power In The Blood,There is a fountain filled with blood,1006.0,0.1,https://www.hymnal.net/en/hymn/h/1006,
92,加利利陌生人, The Stranger Of Galilee,,,0.0,,
93,我以信心仰望你, My Faith Looks Up To Thee,My faith looks up to Thee,429.0,1.0,https://www.hymnal.net/en/hymn/h/429,TRUE
94,九十九隻羊, The Ninety And Nine,There were ninety and nine that safely lay,1077.0,0.25,https://www.hymnal.net/en/hymn/h/1077,TRUE
95,昨日今日直到永遠," Yesterday, Today, Forever",O how sweet the glorious message,993.0,0.0,https://www.hymnal.net/en/hymn/h/993,
96,恩典美妙聲音, Grace! 'Tis A Charming Sound,Grace! 'tis a charming sound,312.0,1.0,https://www.hymnal.net/en/hymn/h/312,TRUE
97,居榮美之地, Dwelling In Beulah Land,Far away the noise of strife upon my ear,324.0,0.0,https://www.hymnal.net/en/hymn/h/324,
98,美哉善哉羔羊的新歌, Wonderful Grand New Song Of The Lamb,,,0.0,,
99,耶穌奇妙的救恩, Wonderful Grace Of Jesus,I stand all amazed at the love Jesus offers me,289.0,0.0,https://www.hymnal.net/en/hymn/h/289,
100,榮耀之釋放, Glorious Freedom,Made free! Made free! O captive,508.0,0.0,https://www.hymnal.net/en/hymn/h/508,
101,釋放榮耀釋放, Release! The Release Of Glory,The Lord shall get the glory,1095.0,0.0,https://www.hymnal.net/en/hymn/h/1095,
102,我今來就主十架, I Am Coming To The Cross,I am coming to the cross,1062.0,1.0,https://www.hymnal.net/en/hymn/h/1062,TRUE
103,祂拯救我, He Lifted Me,In loving-kindness Jesus came,320.0,0.0,https://www.hymnal.net/en/hymn/h/320,
104,主斷開一切鎖鍊, Jesus Breaks Every Fetter,O how great His salvation,1065.0,0.0,https://www.hymnal.net/en/hymn/h/1065,
105,愛救了我, Love Lifted Me,I was sinking deep in sin,1070.0,0.0,https://www.hymnal.net/en/hymn/h/1070,
106,哈利路亞十架得勝, Hallelujah For The Cross,The cross it standeth fast,620.0,0.166666666666667,https://www.hymnal.net/en/hymn/h/620,FALSE
107,哦我已得救," Oh, Yes! I'm Saved",,,0.0,,
108,祂起來, Christ Arose,Low in the grave He lay,123.0,0.0,https://www.hymnal.net/en/hymn/h/123,
109,榮耀歸與你, Thine Is The Glory,"Thine be the glory, risen, conqu'ring Son",121.0,0.111111111111111,https://www.hymnal.net/en/hymn/h/121,
110,忠心聖徒當高聲," Come, Ye Faithful, Raise The Strain",,,0.0,,
111,救主基督已復活, Christ The Lord Is Risen Today,,,0.0,,
112,祂是主, He Is Lord,He has entered! He has entered!,466.0,0.0,https://www.hymnal.net/en/hymn/h/466,
113,哈利路亞祂已復活," Hallelujah, He Is Risen","Hallelujah, He is risen",119.0,1.0,https://www.hymnal.net/en/hymn/h/119,TRUE
114,因祂活著, Because He Lives,Before the throne of God above,327.0,0.0,https://www.hymnal.net/en/hymn/h/327,
115,主活, He Lives,He died for me that I might live,362.0,0.0,https://www.hymnal.net/en/hymn/h/362,
116,眾城門哪請你頭抬," Ye Gates, Left Up Your Heads",,,0.0,,
117,看哪救主奏凱上升, See The Conqueror Mount In Triumph,,,0.0,,
118,歡呼今日主升天, Hail The Day That Sees Him Rise,,,0.0,,
119,看哪聖徒榮耀光景," Look, Ye Saints! The Sight Is Glorious","Look, ye saints, the sight is glorious",140.0,1.0,https://www.hymnal.net/en/hymn/h/140,TRUE
120,看哪冠冕已給羔羊, Behold The Lamb With Glory Crowned,Behold the Lamb with glory crowned,129.0,1.0,https://www.hymnal.net/en/hymn/h/129,TRUE
121,冠祂萬王之王, Crown Him With Many Crowns,Crown Him with many crowns,142.0,1.0,https://www.hymnal.net/en/hymn/h/142,TRUE
122,你比世人更為美麗, Thou Art The Fairest,"Lord, Thou art the lovely Bridegroom",170.0,0.333333333333333,https://www.hymnal.net/en/hymn/h/170,FALSE
123,主你真是配, Lord Thou Art Worthy,"Jesus, our Lord, with what joy we adore Thee",180.0,0.0,https://www.hymnal.net/en/hymn/h/180,
124,從前那戴荊棘的頭," Thy Head, Once Crowned With Thorns",,,0.0,,
125,榮耀歸於我主, Glory To God On High,Glory to Christ on high,179.0,0.333333333333333,https://www.hymnal.net/en/hymn/h/179,TRUE
126,但願尊貴榮耀豐富," Glory, Honour, Praise And Power",,,0.0,,
127,我們當來同聲歡呼," Come, Let Us Join Our Cheerful Songs","Come, let us join our cheerful songs",183.0,1.0,https://www.hymnal.net/en/hymn/h/183,TRUE
128,同來頌揚無比尊貴," Come, Let Us Sing The Matchless Worth",,,0.0,,
129,羔羊是配, Worthy The Lamb,"Come, let us join our cheerful songs",183.0,0.0,https://www.hymnal.net/en/hymn/h/183,
130,何等權柄耶穌尊名, All Hail The Power Of Jesus' Name,,,0.0,,
131,聽哪千萬聲音雷鳴, Hark! Ten Thousand Voices Crying,Hark! ten thousand voices crying,127.0,1.0,https://www.hymnal.net/en/hymn/h/127,TRUE
132,神的基督榮耀的主," Lord Of Glory, We Adore Thee","Lord of glory, we adore Thee",144.0,1.0,https://www.hymnal.net/en/hymn/h/144,TRUE
133,金琴在天響起, Golden Harps Are Sounding,,,0.0,,
134,哦主耶穌我心喜樂," O Jesus, Lord! 'Tis Joy To Know","O, Jesus, Lord, 'tis joy to know",131.0,1.0,https://www.hymnal.net/en/hymn/h/131,TRUE
135,榮耀榮耀永遠榮耀," Glory, Everlasting Glory","Glory, everlasting glory",134.0,1.0,https://www.hymnal.net/en/hymn/h/134,TRUE
136,耶穌基督親愛救主," To Thee, Dear Lord, O Christ Of God","To Thee, dear Lord, O Christ of God",126.0,1.0,https://www.hymnal.net/en/hymn/h/126,TRUE
137,主你是神受膏者," Lord, Thou Art God's Anointed","Dear Lord, Thou art the Son of God",188.0,0.2,https://www.hymnal.net/en/hymn/h/188,FALSE
138,幔子裂開, The Veil Is Rent,The veil is rent and opened is,771.0,0.5,https://www.hymnal.net/en/hymn/h/771,
139,救主耶穌在寶座上, Majestic Sweetness Sits Enthroned,Majestic sweetness sits enthroned,177.0,1.0,https://www.hymnal.net/en/hymn/h/177,TRUE
140,神的兒子親愛救主, Majestic Sweetness Sits Enthroned,Majestic sweetness sits enthroned,177.0,1.0,https://www.hymnal.net/en/hymn/h/177,TRUE
141,耶穌得勝歡聲雷動, Jesus Victory Thunderous Applause,,,0.0,,
142,更美, More Beautiful,"Buried with Christ, and raised with Him too",483.0,0.0,https://www.hymnal.net/en/hymn/h/483,
143,頌讚受膏的基督, Hail To The Lord's Anointed,Hail to the Lord's Anointed,968.0,1.0,https://www.hymnal.net/en/hymn/h/968,TRUE
144,為我受傷, Wounded For Me,"Wounded for me, wounded for me",338.0,0.666666666666667,https://www.hymnal.net/en/hymn/h/338,
145,等到何日恩主纔回來," Oh, How Long Before My Lord Comes Back","Oh, how long before my Lord comes back",962.0,1.0,https://www.hymnal.net/en/hymn/h/962,TRUE
146,橄欖山前一別離, Since Thy Departure,Since Thy departure from Olivet's Mountain,959.0,0.333333333333333,https://www.hymnal.net/en/hymn/h/959,TRUE
147,主必再來, Jesus Is Coming Again,All the signs point to the end,1302.0,0.0,https://www.hymnal.net/en/hymn/h/1302,
148,金色黎明, Some Golden Daybreak,,,0.0,,
149,我主我正等候你再臨," My Lord, I Am Waiting For You To Come Back",,,0.0,,
150,我知道我救贖主活著, I Know That My Redeemer Liveth,,,0.0,,
151,我王必定快要再臨, My King Will Soon Come Back Again,My King will soon come back again,960.0,1.0,https://www.hymnal.net/en/hymn/h/960,TRUE
152,一點時候, A Little While,While fighting for my Savior here,8570.0,0.0,https://www.hymnal.net/en/hymn/h/8570,
153,會否就在今天, What If It Were Today?,,,0.0,,
154,我們的大君彌賽亞, Our Maharaja Messiah,,,0.0,,
155,會否祂來正逢我們儆醒, Will Jesus Find Us Watching?,,,0.0,,
156,自伯大尼, Since Long Ago At Bethany,Since long ago at Bethany we parted,958.0,0.666666666666667,https://www.hymnal.net/en/hymn/h/958,TRUE
157,看哪救主駕雲我降臨," Lo, He Comes With Clouds Descending",,,0.0,,
158,主耶穌要再來, He's Coming Back Again,"Deeper, deeper, in the cross of Jesus",1240.0,0.0,https://www.hymnal.net/en/hymn/h/1240,
159,我能否忘快來的主, Can I Forget Come Lord,Can I forget the coming Lord,8757.0,0.285714285714286,https://www.hymnal.net/en/hymn/h/8757,TRUE
160,這名何等奇妙難言, There's Something About That Name,,,0.0,,
161,耶穌此名何等芬芳, How Sweet The Name Of Jesus Sounds,How sweet the Name of Jesus sounds,66.0,1.0,https://www.hymnal.net/en/hymn/h/66,TRUE
162,主耶穌，我愛你名," Thy Name We Love, Lord Jesus","Thy name we love, Lord Jesus",69.0,1.0,https://www.hymnal.net/en/hymn/h/69,TRUE
163,時常攜帶耶穌聖名, Take The Name Of Jesus With You,Take the name of Jesus with you,670.0,1.0,https://www.hymnal.net/en/hymn/h/670,TRUE
164,頌讚主尊名, Blessed Be The Name,All praise to Him who reigns on high,79.0,0.0,https://www.hymnal.net/en/hymn/h/79,
165,耶穌你名何等芬芳, Jesus! How Much Thy Name Unfolds,Jesus! how much Thy name unfolds,71.0,1.0,https://www.hymnal.net/en/hymn/h/71,TRUE
166,耶穌這名甜美芬芳," Jesus, This Name Is Sweet And Fragrant",,,0.0,,
167,大地無名甜至如此, There Is No Name So Sweet On Earth,There is a name I love to hear,70.0,0.0769230769230769,https://www.hymnal.net/en/hymn/h/70,
168,耶穌，我愛這名," Jesus, Thy Name I Love","Gathered in Thy name, Lord Jesus",204.0,0.125,https://www.hymnal.net/en/hymn/h/204,
169,耶穌這名何其甘甜, The Name Of Jesus Is So Sweet,How sweet the Name of Jesus sounds,66.0,0.333333333333333,https://www.hymnal.net/en/hymn/h/66,FALSE
170,祂名為奇妙, His Name Is Wonderful,His Name is Wonderful,1085.0,1.0,https://www.hymnal.net/en/hymn/h/1085,TRUE
171,廣，廣似洋無邊," Wide, Wide As The Ocean",,,0.0,,
172,耶穌竟然愛我, Jesus Loves Even Me,I am so glad that our Father in heav'n,291.0,0.0,https://www.hymnal.net/en/hymn/h/291,
173,祂來尋覓滿了柔情, In Tenderness He Sought Me,In tenderness He sought me,1068.0,1.0,https://www.hymnal.net/en/hymn/h/1068,TRUE
174,神聖的愛何其美甜," O Love Divine, How Sweet Thou Art","O Love divine, how sweet Thou art",427.0,1.0,https://www.hymnal.net/en/hymn/h/427,TRUE
175,我們雖然時常搖動, Although We Often Shake,,,0.0,,
176,我的救主, O Blessed Savior,"O blessed Savior, is Thy love",153.0,0.4,https://www.hymnal.net/en/hymn/h/153,
177,主愛口舌真說不來, His Love Is More Than Tongue Can Tell,,,0.0,,
178,你的大愛, It Passeth Knowledge,"It passeth knowledge, that dear love of Thine",154.0,0.285714285714286,https://www.hymnal.net/en/hymn/h/154,TRUE
179,何能如此如我也能, And Can It Be That I Should Gain,And can it be that I should gain,296.0,1.0,https://www.hymnal.net/en/hymn/h/296,TRUE
180,主耶穌當我們想到你, Lord Jesus! When We Think Of Thee,Lord Jesus! when we think of Thee,207.0,1.0,https://www.hymnal.net/en/hymn/h/207,TRUE
181,你這不肯放我的愛," O Love, That Wilt Not Let Me Go","O Love, that wilt not let me go",432.0,1.0,https://www.hymnal.net/en/hymn/h/432,TRUE
182,深哉深哉耶穌的愛," Oh, The Deep, Deep Love Of Jesus",There is a name I love to hear,70.0,0.0,https://www.hymnal.net/en/hymn/h/70,
183,哦祂的愛, O How He Loves,Christ will make His seeking lover,1161.0,0.0,https://www.hymnal.net/en/hymn/h/1161,
184,我有良友, I've Found A Friend,"I've found a Friend, oh, such a Friend",288.0,0.571428571428571,https://www.hymnal.net/en/hymn/h/288,TRUE
185,主的愛越久越深, Sweeter As The Years Go By,Of Jesus' love that sought me,286.0,0.0,https://www.hymnal.net/en/hymn/h/286,
185,主愛新鮮又甘甜, Sweeter As The Years Go By,Of Jesus' love that sought me,286.0,0.0,https://www.hymnal.net/en/hymn/h/286,
186,救主之愛, My Saviour's Love,,,0.0,,
187,驚人恩典, Amazing Grace,Amazing Grace,313.0,1.0,https://www.hymnal.net/en/hymn/h/313,TRUE
188,耶穌已愛我, Jesus Has Loved Me,"Jesus has loved me, wonderful Savior",336.0,0.6,https://www.hymnal.net/en/hymn/h/336,
189,我們要從那裡說起, Where Shall Our Wondering Souls Begin?,,,0.0,,
190,恩愛標本, Loving Specimens,,,0.0,,
191,我真希奇, I Am Amazed,I stand all amazed at the love Jesus offers me,289.0,0.0,https://www.hymnal.net/en/hymn/h/289,
192,我主耶穌惟你是配," Jesus, Thou Alone Art Worthy","Jesus, Thou alone art worthy",182.0,1.0,https://www.hymnal.net/en/hymn/h/182,TRUE
193,讚美不盡讚美, Praise Him Forevermore,"Abba, we come, and low we bow before Thee",8039.0,0.0,https://www.hymnal.net/en/hymn/h/8039,
194,為何我要歌頌耶穌, Why Do I Sing About Jesus?,,,0.0,,
195,來阿你這萬福泉源," Come, Thou Fount","Come, Thou Fount of every blessing",319.0,0.4,https://www.hymnal.net/en/hymn/h/319,
196,主替我還清, Jesus Paid It All,I hear the Savior say,997.0,0.0,https://www.hymnal.net/en/hymn/h/997,
197,咒詛他受祝福我享, He Cursed Blessed I Enjoy,,,0.0,,
198,我歌頌你, I Sing Of Thee,My heart today would sing with joyfulness,8439.0,0.0,https://www.hymnal.net/en/hymn/h/8439,
199,十架下我低頭, Neath The Cross Of My Savior,,,0.0,,
200,哦願我有千萬舌頭," Oh, For A Thousand Tongues To Sing",,,0.0,,
201,主接納我們的詩歌," Lord, Accept Our Feeble Song","Lord, accept our feeble song",90.0,1.0,https://www.hymnal.net/en/hymn/h/90,TRUE
202,我們從前所有, All That We Were,"All that we were—our sin, our guilt",31.0,0.428571428571429,https://www.hymnal.net/en/hymn/h/31,
203,邊唱邊行, He Keeps Me Singing,,,0.0,,
204,主恩更多, His Grace Aboundeth More,,,0.0,,
205,自耶穌來住在我心, Since Jesus Came Into My Heart,What a wonderful change in my life has been wrought,309.0,0.0,https://www.hymnal.net/en/hymn/h/309,
206,耶穌同在就是天堂," Where Jesus Is, 'Tis Heaven There",From every stormy wind that blows,774.0,0.0,https://www.hymnal.net/en/hymn/h/774,
206,有祂同在就是天堂," Where Jesus Is, 'Tis Heaven There",From every stormy wind that blows,774.0,0.0,https://www.hymnal.net/en/hymn/h/774,
207,我的詩歌是耶穌, My Song Shall Be Of Jesus,My song shall be of Jesus,165.0,1.0,https://www.hymnal.net/en/hymn/h/165,TRUE
208,哈利路亞我真歡樂," Hallelujah, I've Been Happy",,,0.0,,
209,在我心中唱美歌, In My Heart There Rings A Melody,,,0.0,,
210,不再定罪, No Condemnation,And can it be that I should gain,296.0,0.0,https://www.hymnal.net/en/hymn/h/296,
211,活在哈利路亞這一邊, Living On The Hallelujah Side,I've believed the true report,551.0,0.0,https://www.hymnal.net/en/hymn/h/551,
212,不知如何, Somehow,"In the Word of old, we are clearly told",1144.0,0.0,https://www.hymnal.net/en/hymn/h/1144,
213,諸天下降主榮耀滿我心, Heaven Came Down And Glory Filled My Soul,,,0.0,,
214,快樂日, O Happy Day,O happy day that fixed my choice,347.0,0.333333333333333,https://www.hymnal.net/en/hymn/h/347,TRUE
215,我真快樂," I'm So Happy, And Here's The Reason",,,0.0,,
216,永遠不渴, Never Thirst Again,We're feeding on the living Bread,1069.0,0.0,https://www.hymnal.net/en/hymn/h/1069,
217,我魂醒來快樂唱," Awake, My Soul, To Joyful Lays",,,0.0,,
218,祂是我靈魂的救主, He's The Savior Of My Soul,"Down from His throne, God's Son descended",6134.0,0.0,https://www.hymnal.net/en/hymn/h/6134,
219,讚祂讚祂, Praise Him! Praise Him,All praise to Him who reigns on high,79.0,0.0,https://www.hymnal.net/en/hymn/h/79,
220,我是個罪人蒙主恩, Only A Sinner Saved By Grace,Naught have I gotten but what I received,311.0,0.0,https://www.hymnal.net/en/hymn/h/311,
221,樂哉白白恩典, Rejoice! His Grace Is Free,,,0.0,,
222,當我罪中流蕩, Jesus Found Me,I will sing the wondrous story,337.0,0.0,https://www.hymnal.net/en/hymn/h/337,
223,哦主耶穌每想到你," Lord Jesus Christ, Our Heart Feels Sweet","Lord Jesus Christ, our heart feels sweet",171.0,1.0,https://www.hymnal.net/en/hymn/h/171,TRUE
224,愛你更深, More Love To Thee,"More love to Thee, O Lord",368.0,0.6,https://www.hymnal.net/en/hymn/h/368,
225,我耶穌，我愛你," My Jesus, I Love Thee","How I love Thee, precious Jesus",1155.0,0.285714285714286,https://www.hymnal.net/en/hymn/h/1155,FALSE
226,思念主愛," Thy Love, O Lord","I love Thy kingdom, Lord",853.0,0.0,https://www.hymnal.net/en/hymn/h/853,
227,耶穌耶穌我的性命," O Jesus, Jesus, Dearest Lord","If Thou Tak’st Away My Beloved, Give Thyself To Me",8276.0,0.0,https://www.hymnal.net/en/hymn/h/8276,
228,我愛他因祂已先愛我," I Love Him, Because He First Loved Me",Gone from my heart the world and all its charms,294.0,0.0,https://www.hymnal.net/en/hymn/h/294,
229,怎能叫我不愛主, How Can I Help But Love Him?,And can it be that I should gain,296.0,0.0,https://www.hymnal.net/en/hymn/h/296,
230,主阿我深愛你, Lord I Love You,"Lord, You've raised love's banner o'er us",8174.0,0.0,https://www.hymnal.net/en/hymn/h/8174,
231,我何等愛耶穌," O, How I Love Jesus","How I love Thee, precious Jesus",1155.0,0.285714285714286,https://www.hymnal.net/en/hymn/h/1155,FALSE
232,神與我的愛, God' Love And Mine,I hear the words of love,332.0,0.0,https://www.hymnal.net/en/hymn/h/332,
233,耶穌你的全勝的愛," Jesus, Thine All Victorious Love","Jesus, Thine all-victorious love",264.0,1.0,https://www.hymnal.net/en/hymn/h/264,TRUE
234,主你所有一切工作," In All Thy Work, O Lord","In all thy work, O Lord, Thou didst",492.0,0.714285714285714,https://www.hymnal.net/en/hymn/h/492,
235,呼出與吸入, Breathing Out And Breathing In,"O Lord, breathe Thy Spirit on me",255.0,0.0,https://www.hymnal.net/en/hymn/h/255,
236,聖靈顯現在我衷, The Spirit Dwells In Me,"Oh, how glorious! Oh, how precious!",1360.0,0.0,https://www.hymnal.net/en/hymn/h/1360,
237,蒙聖靈的安慰, The Comfort Of The Holy Ghost,"Oh, spread the tidings 'round, wherever man is found",245.0,0.0,https://www.hymnal.net/en/hymn/h/245,
238,保惠師已經來, The Comforter Has Come,Joys are flowing like a river,246.0,0.0,https://www.hymnal.net/en/hymn/h/246,
239,井阿請你湧上水來," Spring Up, O Well","Spring up, well, with water",250.0,0.166666666666667,https://www.hymnal.net/en/hymn/h/250,FALSE
240,能力從上傾, Power From On High,Christ indeed was born of Spirit,272.0,0.0,https://www.hymnal.net/en/hymn/h/272,
241,給我穿上能力, Clothe Us With Power We Pray,"O Lord, we seek the power we need",274.0,0.0909090909090909,https://www.hymnal.net/en/hymn/h/274,
242,求溢我杯," Fill My Cup, Lord",I take my portion from Thy hand,673.0,0.0,https://www.hymnal.net/en/hymn/h/673,
243,聖靈的愛從天傾瀉," Descend On Me, Spirit Of Love",Blessed assurance,308.0,0.0,https://www.hymnal.net/en/hymn/h/308,
244,求主用血洗我清潔, The Holy Spirit's Love Pouring From Heaven,,,0.0,,
245,充滿我, Fill Me Now,Fill me with Thy gracious Spirit,267.0,0.166666666666667,https://www.hymnal.net/en/hymn/h/267,TRUE
245,何等榮耀何等福氣," O What glory, O What blessings","O Christ, what burdens bow'd Thy head",94.0,0.0,https://www.hymnal.net/en/hymn/h/94,
246,有福的安靜, Blessed Quietness,Joys are flowing like a river,246.0,0.0,https://www.hymnal.net/en/hymn/h/246,
247,有靈發出祂光芒," Holy Ghost, With Light Divine",Utterly abandoned,439.0,0.0,https://www.hymnal.net/en/hymn/h/439,
248,我今舉手向你請," Come, Lord, In Thy Spirit Come","Come into my heart, O Lord Jesus",1061.0,0.0,https://www.hymnal.net/en/hymn/h/1061,
249,求主寶血潔淨我," Lord, May Thy Blood Now Cleanse Me","Oh, from myself deliver",280.0,0.0,https://www.hymnal.net/en/hymn/h/280,
250,將器皿多多騰出," Bring Your Vessels, Not A Few",,,0.0,,
251,主我曾否叫聖靈憂愁," Oh, Have We Grieved Thee?",I've chosen the Lord Jesus,8438.0,0.0,https://www.hymnal.net/en/hymn/h/8438,
252,我神求你用聖靈再充滿我, Spirit Of The Living God,The Spirit of God today,242.0,0.142857142857143,https://www.hymnal.net/en/hymn/h/242,
253,後是膏油先是血," First The Blood, Then Anointing Oil","Through the Cross, O Lord, I pray",279.0,0.0,https://www.hymnal.net/en/hymn/h/279,
254,我主只有你聖靈," Thy Holy Spirit, Lord, Alone","Thy Holy Spirit, Lord, alone",275.0,1.0,https://www.hymnal.net/en/hymn/h/275,TRUE
255,焚燒在我心內, Tis Burning In My Soul,,,0.0,,
256,吩咐磐石, Speak To The Rock,Fainting in the desert,248.0,0.0,https://www.hymnal.net/en/hymn/h/248,
257,哦主耶穌當你在地," Oh, Jesus, Lord, When Thou On Earth","Oh, Jesus, Lord, when Thou on earth",489.0,1.0,https://www.hymnal.net/en/hymn/h/489,TRUE
258,你被父神右手高舉, Exalted By Thy Father's Hand,,,0.0,,
259,進來我主," Come In, O Come","All things are ready, come to the feast",1330.0,0.0,https://www.hymnal.net/en/hymn/h/1330,
260,何等慚愧何等痛悔," Oh, The Bitter Shame And Sorrow","Oh, the bitter shame and sorrow",435.0,1.0,https://www.hymnal.net/en/hymn/h/435,TRUE
261,我豈可再冷淡退後, How Can I Ever Stay Away?,How can I ever stay away,471.0,1.0,https://www.hymnal.net/en/hymn/h/471,TRUE
262,願更與神親密同行," Oh, For A Closer Walk With God",,,0.0,,
263,主的妙愛, The Lord's Wonderful Love,"Tell me the old, old story",1075.0,0.0,https://www.hymnal.net/en/hymn/h/1075,
264,我帶我罪就你, I Bring My Sins To Thee,Head and body bent in effort,8086.0,0.0,https://www.hymnal.net/en/hymn/h/8086,
265,從前我亦曾熱心, In The Past I Have Enthusiastically,,,0.0,,
266,主是我否, Lord I Am Not ?,"Not what I am, O Lord, but what Thou art",672.0,0.0909090909090909,https://www.hymnal.net/en/hymn/h/672,
267,我直跑, I Press On,I'm pressing on the upward way,396.0,0.0,https://www.hymnal.net/en/hymn/h/396,
268,我心所追求乃是神自己, My Goal Is God Himself,"My goal is God Himself, not joy, nor peace",350.0,0.5,https://www.hymnal.net/en/hymn/h/350,TRUE
269,進入幔內出到營外, Enter The Veil And Go Without The Camp,Enter the veil and go without the camp,549.0,1.0,https://www.hymnal.net/en/hymn/h/549,TRUE
270,願你為大," Be Thou Supreme, O Jesus Christ","Be Thou supreme, O Jesus Christ",367.0,1.0,https://www.hymnal.net/en/hymn/h/367,TRUE
271,神在天上有一寶貝, God In Heaven Hath A Treasure,God in heaven hath a treasure,589.0,1.0,https://www.hymnal.net/en/hymn/h/589,TRUE
272,我們乃是朝聖旅客, Through The Night Of Doubt And Sorrow,,,0.0,,
273,進深進深," Deeper, Deeper","Deeper, deeper, in the cross of Jesus",1240.0,0.166666666666667,https://www.hymnal.net/en/hymn/h/1240,TRUE
274,更高之處, Higher Ground,I'm pressing on the upward way,396.0,0.0,https://www.hymnal.net/en/hymn/h/396,
275,往前走, Walk Forward,"Life is mysterious, life is God Himself",1195.0,0.0,https://www.hymnal.net/en/hymn/h/1195,
276,主使我更愛你, More Holiness Give Me,More holiness give me,397.0,1.0,https://www.hymnal.net/en/hymn/h/397,TRUE
277,我願更多認識耶穌, More About Jesus Would I Know,More about Jesus would I know,382.0,1.0,https://www.hymnal.net/en/hymn/h/382,TRUE
278,但願耶穌的美麗從我顯現, Let The Beauty Of Jesus Be Seen In Me,,,0.0,,
279,多又多, More And More,All praise to Him who reigns on high,79.0,0.0,https://www.hymnal.net/en/hymn/h/79,
280,主你榮面是我所羨, Thy Blessed Face Is My Desire,,,0.0,,
281,求主耶穌銘刻我心, Jesus! Engrave It On My Heart,,,0.0,,
282,羞認主名, Ashamed Of Jesus,"Lord, reveal Thyself to me",412.0,0.0,https://www.hymnal.net/en/hymn/h/412,
283,要思想耶穌, Consider Him,"Consider Him, let Christ thy pattern be",656.0,0.166666666666667,https://www.hymnal.net/en/hymn/h/656,TRUE
284,神的至好, God's Best,A mighty flowing-out is God,1198.0,0.0,https://www.hymnal.net/en/hymn/h/1198,
285,我已得佳美信息, I've Believed The True Report,I've believed the true report,551.0,1.0,https://www.hymnal.net/en/hymn/h/551,TRUE
286,只有一事, There Is One Thing,Christ the Savior is just the One you need,1024.0,0.0,https://www.hymnal.net/en/hymn/h/1024,
287,比雪更白, Whiter Than Snow,"Have Thine own way, Lord",449.0,0.0,https://www.hymnal.net/en/hymn/h/449,
288,你這神的隱藏的愛, Thou Hidden Love Of God,"Thou hidden love of God, whose height",423.0,0.666666666666667,https://www.hymnal.net/en/hymn/h/423,TRUE
289,求主把我捆綁," Make Me A Captive, Lord","Make me a captive, Lord",422.0,1.0,https://www.hymnal.net/en/hymn/h/422,TRUE
290,我要更像主, More Like The Master,,,0.0,,
291,哦我要像你, O To Be Like Thee,O to be like Thee,398.0,1.0,https://www.hymnal.net/en/hymn/h/398,TRUE
292,救主你的如火眼睛, Savior Of Your Fiery Eyes,,,0.0,,
293,更深進入聖潔生活, Deeper Into The Holy Life,In the Word of God I found it,1119.0,0.0,https://www.hymnal.net/en/hymn/h/1119,
294,耶穌我來就你," Jesus, I Come","Come into my heart, O Lord Jesus",1061.0,0.0,https://www.hymnal.net/en/hymn/h/1061,
295,我今轉身背向俗世, I've Turned My Back Upon The World,I've turned my back upon the world,438.0,1.0,https://www.hymnal.net/en/hymn/h/438,TRUE
296,榮上加榮, From Glory To Glory,Myst'ry hid from ages now revealed to me,948.0,0.0,https://www.hymnal.net/en/hymn/h/948,
297,為你我捨生命, I Gave My Life For Thee,I hear my risen Savior say,1030.0,0.0,https://www.hymnal.net/en/hymn/h/1030,
298,將心給我, Give Me Thy Heart,I give my heart to Thee,543.0,0.0,https://www.hymnal.net/en/hymn/h/543,FALSE
299,我願作合乎祂心意的人, Only To Be What He Wants Me To Be,"At the end of Luke's gospel, chapter twenty and two",1291.0,0.0,https://www.hymnal.net/en/hymn/h/1291,
300,我已經決定, I Have Decided To Follow Jesus,,,0.0,,
301,你的美麗將我心奪, Captured By The Beauty,"Jesus Lord, I'm captured by Thy beauty",1159.0,0.111111111111111,https://www.hymnal.net/en/hymn/h/1159,
302,你的靈豈非如祂會過," Hast Thou Heard Him, Seen Him, Known Him?","Hast thou heard Him, seen Him, known Him",437.0,1.0,https://www.hymnal.net/en/hymn/h/437,TRUE
303,將你最好的獻與主, Give Of Your Best To The Master,I was sinking deep in sin,1070.0,0.0,https://www.hymnal.net/en/hymn/h/1070,
304,奉獻與你, Something For Thee,Something every heart is loving,547.0,0.0,https://www.hymnal.net/en/hymn/h/547,
305,我今屬於耶穌, I Belong To Jesus,I belong to Jesus,306.0,1.0,https://www.hymnal.net/en/hymn/h/306,TRUE
306,活著為耶穌, Living For Jesus,Living for Jesus a life that is true,456.0,0.285714285714286,https://www.hymnal.net/en/hymn/h/456,TRUE
307,世上景色我已一閱, Having Seen The World's Fair Beauty,Having seen the world's fair beauty,405.0,1.0,https://www.hymnal.net/en/hymn/h/405,TRUE
308,獻己與主, Consecration,"Lord, Thou art our consecration",1138.0,0.0,https://www.hymnal.net/en/hymn/h/1138,
309,一切獻於祭壇, All On The Altar,Forth from God's glorious temple,8205.0,0.0,https://www.hymnal.net/en/hymn/h/8205,
310,主你得勝," Lord, Thou Hast Won","Lord, Thou hast won, at length I yield",434.0,0.428571428571429,https://www.hymnal.net/en/hymn/h/434,
311,都歸耶穌, All For Jesus,All for Jesus! All for Jesus,444.0,0.666666666666667,https://www.hymnal.net/en/hymn/h/444,
312,全所有奉獻, I Surrender All,All to Jesus I surrender,441.0,0.2,https://www.hymnal.net/en/hymn/h/441,TRUE
313,收我此生作奉獻," Take My Life, And Let It Be","Take my life, and let it be",445.0,1.0,https://www.hymnal.net/en/hymn/h/445,TRUE
314,從我活出你的自己, Live Out Thy Life Within Me,"Lord, I would have Thyself in all Thy beauty",363.0,0.0,https://www.hymnal.net/en/hymn/h/363,
315,跟從我, Follow Me,Hast thou no scar,629.0,0.0,https://www.hymnal.net/en/hymn/h/629,
316,跟隨主耶穌, Following Jesus,Anywhere with Jesus I can safely go,584.0,0.0,https://www.hymnal.net/en/hymn/h/584,
317,無論何處我要跟隨, Where He Leads Me I Will Follow,I can hear my Savior calling,586.0,0.0,https://www.hymnal.net/en/hymn/h/586,
318,我當如何愛我的主, How Shall I Follow Him I Serve?,How shall I follow Him I serve,462.0,1.0,https://www.hymnal.net/en/hymn/h/462,TRUE
319,主愛長闊高深," What Length, Breadth, Height And Depth","Oh, what a might! Oh, what a strength",500.0,0.0,https://www.hymnal.net/en/hymn/h/500,
320,跟隨跟隨, Follow On,Down in the valley with my Savior I would go,461.0,0.0,https://www.hymnal.net/en/hymn/h/461,
321,步步追步步隨, Step By Step,Chapter one of Genesis,1192.0,0.0,https://www.hymnal.net/en/hymn/h/1192,
322,耶穌我今背起十架," Jesus, I My Cross Have Taken","Jesus, I my cross have taken",460.0,1.0,https://www.hymnal.net/en/hymn/h/460,TRUE
323,緊緊跟隨我, Follow Me,Hast thou no scar,629.0,0.0,https://www.hymnal.net/en/hymn/h/629,
324,我是否要背負十架, Am I A Soldier Of The Cross?,Am I a soldier of the Cross,468.0,1.0,https://www.hymnal.net/en/hymn/h/468,TRUE
325,在我魂間今天有陽光, Sunshine In My Soul,There is sunshine in my soul today,343.0,0.5,https://www.hymnal.net/en/hymn/h/343,
326,谷中的百合花, The Lily Of The Valley,"How I love Thee, precious Jesus",1155.0,0.0,https://www.hymnal.net/en/hymn/h/1155,
327,今主耶穌滿足我心, Now None But Christ Can Satisfy,"O Christ, in Thee my soul hath found",522.0,0.0,https://www.hymnal.net/en/hymn/h/522,
328,當我不見基督容華, How Tedious And Tasteless The Hours,How tedious and tasteless the hours,529.0,1.0,https://www.hymnal.net/en/hymn/h/529,TRUE
329,惟主耶穌沐我心靈, All That Thrills My Soul,,,0.0,,
330,我捨一切而要耶穌," I'Ll Give My All, Jesus To Gain",,,0.0,,
331,以愛為旗在我以上, His Banner Over Me Is Love,His banner over me is love,1157.0,1.0,https://www.hymnal.net/en/hymn/h/1157,TRUE
332,我寧願有耶穌, I'D Rather Have Jesus,,,0.0,,
333,祂是一切最親, He Is Most Dear To Me,Sometimes Even A Blue Sky,9007.0,0.0,https://www.hymnal.net/en/hymn/h/9007,
334,耶穌只要一想到你," Jesus, The Very Thought Of Thee","Jesus, the very thought of Thee",209.0,1.0,https://www.hymnal.net/en/hymn/h/209,TRUE
335,救主耶穌愛者之樂," Jesus, Thou Joy Of Loving Hearts","Jesus, Thou Joy of loving hearts",205.0,1.0,https://www.hymnal.net/en/hymn/h/205,TRUE
336,主我還有誰在天上," Whom Have I, Lord, In Heaven But Thee?","Pass me not, O gentle Savior",1054.0,0.0,https://www.hymnal.net/en/hymn/h/1054,
337,永遠住在我心, Constantly Abiding,Abide in Christ—this highest blessing gain,1352.0,0.0,https://www.hymnal.net/en/hymn/h/1352,
338,我是屬祂祂屬我," I Am His, And He Is Mine",I stand all amazed at the love Jesus offers me,289.0,0.0,https://www.hymnal.net/en/hymn/h/289,
339,哦在榮耀裡的基督,Marvel Not That Christ 1N Glory,,,,,
340,惟有耶穌, Only Jesus,All for Jesus! All for Jesus,444.0,0.0,https://www.hymnal.net/en/hymn/h/444,
341,哈利路亞我尋得祂, Hallelujah! I Have Found Him,Satisfied,325.0,0.0,https://www.hymnal.net/en/hymn/h/325,
342,我今屬於住耶穌, Now I Belong To Jesus,I was sinking deep in sin,1070.0,0.0,https://www.hymnal.net/en/hymn/h/1070,
343,美哉主耶穌, Fairest Lord Jesus,Fairest Lord Jesus,175.0,1.0,https://www.hymnal.net/en/hymn/h/175,TRUE
344,今世福樂沒滅," Fade, Fade, Each Earthly Joy","Fade, fade each earthly joy",531.0,1.0,https://www.hymnal.net/en/hymn/h/531,TRUE
345,我已揀選主耶穌, I Have Chosen The Lord Jesus,I've chosen the Lord Jesus,8438.0,0.428571428571429,https://www.hymnal.net/en/hymn/h/8438,
346,思念主, Thought The Lord,Amid the trials that I meet,698.0,0.0,https://www.hymnal.net/en/hymn/h/698,
347,北風阿求速興起, A North Wind A Fast Rise,,,0.0,,
348,你名似膏香, Thy Name Is Sweet,Thy name is sweet as ointment poured forth,556.0,0.428571428571429,https://www.hymnal.net/en/hymn/h/556,
349,主阿在你面前," O Thou, In Whose Presence","O Thou, in whose presence my soul takes delight",687.0,0.5,https://www.hymnal.net/en/hymn/h/687,
350,暴風雨中之避難所, A Shelter In The Time Of Storm,"O God, our help in ages past",607.0,0.0,https://www.hymnal.net/en/hymn/h/607,
351,住在住裡面, Living In The Lord,Christ my very peace is,594.0,0.0,https://www.hymnal.net/en/hymn/h/594,
352,住在你裡面, Abide In Thee,Abide in Thee! in that deep love of Thine,563.0,0.25,https://www.hymnal.net/en/hymn/h/563,TRUE
353,在至高者的隱密處, Within His Secret Place I Hide,"How I love Thee, precious Jesus",1155.0,0.0,https://www.hymnal.net/en/hymn/h/1155,
354,祂隱藏我魂, He Hideth My Soul,He Hideth My Soul,334.0,1.0,https://www.hymnal.net/en/hymn/h/334,TRUE
355,靠近父神懷中, Near To The Heart Of God,There is a place of quiet rest,375.0,0.0,https://www.hymnal.net/en/hymn/h/375,
356,住在住裡, Abiding,"Abiding, oh, so wondrous sweet",562.0,0.0,https://www.hymnal.net/en/hymn/h/562,
357,時常喜樂, Let Us Rejoice,O let us rejoice in the Lord evermore,717.0,0.285714285714286,https://www.hymnal.net/en/hymn/h/717,TRUE
358,在祂同在的隱密處, In The Secret Of His Presence,In the secret of His presence,553.0,1.0,https://www.hymnal.net/en/hymn/h/553,TRUE
359,在祂翼下, Under His Wings,Under His wings I am safely abiding,565.0,0.333333333333333,https://www.hymnal.net/en/hymn/h/565,TRUE
360,藏身主裡, Hiding In Thee,"Oh, safe to the Rock that is higher than I",566.0,0.0,https://www.hymnal.net/en/hymn/h/566,
361,進入幔內, Within The Veil,"Dear Lord, Thou art the Son of God",188.0,0.0,https://www.hymnal.net/en/hymn/h/188,
362,與我同住, Abide With Me,Abide with me! fast falls the eventide,370.0,0.333333333333333,https://www.hymnal.net/en/hymn/h/370,TRUE
363,主使我願意," Lord, Make Me Willing","Live Thyself, Lord Jesus, through me",403.0,0.0,https://www.hymnal.net/en/hymn/h/403,
364,信而順從, Trust And Obey,Rivers of living water,251.0,0.0,https://www.hymnal.net/en/hymn/h/251,
365,求你揀選我道路," Thy Way, Not Mine, O Lord","Thy way, not mine, O Lord",393.0,1.0,https://www.hymnal.net/en/hymn/h/393,TRUE
366,隨你調度," Have Thine Own Way, Lord","Have Thine own way, Lord",449.0,1.0,https://www.hymnal.net/en/hymn/h/449,TRUE
367,順從, Obedience,A debtor to mercy alone,292.0,0.0,https://www.hymnal.net/en/hymn/h/292,
368,我為基督而生, I Live For Christ,Christ liveth in me,507.0,0.0,https://www.hymnal.net/en/hymn/h/507,
369,壓得太緊, Pressed Out Of Measure,"Pressed out of measure, pressed beyond all length",730.0,0.428571428571429,https://www.hymnal.net/en/hymn/h/730,
370,父阿是的, Father Yes,"To the foe my word is always, No",880.0,0.0,https://www.hymnal.net/en/hymn/h/880,
371,豈敢, How Dare I,"My will is weak, my strength is frail",578.0,0.0,https://www.hymnal.net/en/hymn/h/578,
372,我若稍微偏離正路, If From The Right Course I Depart,,,0.0,,
373,祂的臉面祂的天使常看見, His Angels His Countenance Always Behold,,,0.0,,
374,祂旨美甜, Sweet Will Of God,Sweet Will of God,383.0,1.0,https://www.hymnal.net/en/hymn/h/383,TRUE
375,你若取去我的心愛, If Thou Shouldst Take My Love Away,,,0.0,,
376,主阿照你旨意," My Jesus, As Thou Wilt","My Jesus, as Thou wilt",384.0,1.0,https://www.hymnal.net/en/hymn/h/384,TRUE
377,願你的旨意成就, The Will Of The Lord Be Done,"To God be the glory, great things He hath done",39.0,0.0,https://www.hymnal.net/en/hymn/h/39,
378,順服, Submission,Blessed assurance,308.0,0.0,https://www.hymnal.net/en/hymn/h/308,
379,主阿你不可讓步, Do Not Yield Thy Way To Mine,"I thank Thee, Lord, that Thou hast shown",521.0,0.0,https://www.hymnal.net/en/hymn/h/521,
380,十字架的道路要犧牲, The Way Of The Cross,"Lower and lower, dear Lord, at Thy feet",416.0,0.0,https://www.hymnal.net/en/hymn/h/416,
381,讓我愛而不受感戴, Let Me Love And Not Be Respected,,,0.0,,
382,主十字架是我誇耀, In The Cross Of The Christ I Glory,In the cross of Christ I glory,619.0,0.625,https://www.hymnal.net/en/hymn/h/619,
383,救主字架是我誇耀, The Cross Of Christ,In the cross of Christ I glory,619.0,0.5,https://www.hymnal.net/en/hymn/h/619,
384,領我去髑髏地, Lead Me To Calvary,"King of my life, I crown Thee now",160.0,0.0,https://www.hymnal.net/en/hymn/h/160,
385,我是黑夜行人," I, Pilgrim Of The Night",,,0.0,,
386,你若不壓橄欖成渣, Olives That Have Known No Pressure,Olives that have known no pressure,626.0,1.0,https://www.hymnal.net/en/hymn/h/626,TRUE
387,他們跟隨羔羊, These Are They Which Follow The Lamb,,,0.0,,
388,我願揀選神你美旨," I Choose Thee, Blessed Will Of God",,,0.0,,
389,哦基督的十字架," O, Cross Of Christ",Cross of Christ! lead onward,634.0,0.4,https://www.hymnal.net/en/hymn/h/634,
390,眾人湧進主的國度, Many Crown The Saviour's Kingdom,,,0.0,,
391,破毀帶我到主懷, Wrecked Outright On Jesus' Breast,Wrecked outright on Jesus' breast,637.0,1.0,https://www.hymnal.net/en/hymn/h/637,TRUE
392,惟有常出代價, Cross Of Christ! Lead Onward,Cross of Christ! lead onward,634.0,1.0,https://www.hymnal.net/en/hymn/h/634,TRUE
393,神你正重排我的前途," God, You Are My Future Rearrangement",,,0.0,,
394,由死而生, Life Out Of Death,"Life out of death—dear Master, is it spoken",640.0,0.375,https://www.hymnal.net/en/hymn/h/640,TRUE
395,哦我願成為無有," Oh, To Be Nothing","Oh, to be nothing, nothing",900.0,0.75,https://www.hymnal.net/en/hymn/h/900,
396,非我惟主," Not I, But Christ","Not I, but Christ be honored, loved, exalted",591.0,0.428571428571429,https://www.hymnal.net/en/hymn/h/591,TRUE
397,十架曾否使你疲倦, Have You Grown Weary Of The Cross?,,,0.0,,
398,耶穌豈當獨背十架, Must Jesus Bear The Cross Alone?,,,0.0,,
399,你怎沒有傷痕, Hast Thou No Scar?,Hast thou no scar,629.0,1.0,https://www.hymnal.net/en/hymn/h/629,TRUE
400,葡萄一生的事, The Story Of A Grapevine,,,0.0,,
401,領我領我去加略," Lead, Lead Me To Calvary",How shall I follow Him I serve,462.0,0.0,https://www.hymnal.net/en/hymn/h/462,
402,主我今背十架," Lord, Here I Take My Cross",Since long ago at Bethany we parted,958.0,0.0,https://www.hymnal.net/en/hymn/h/958,
403,聯於基督, United In Christ,The creatures four from Christ have life,8617.0,0.0,https://www.hymnal.net/en/hymn/h/8617,
404,與你合一, One With Thee,"Blessed Lord, our hallelujahs",185.0,0.0,https://www.hymnal.net/en/hymn/h/185,
405,充滿我心境, Fill All My Vision,"Fill all my vision, Savior, I pray",381.0,0.5,https://www.hymnal.net/en/hymn/h/381,
406,我主你說你是真樹, Thou Hast Said Thou Art The Vine,"Thou hast said Thou art the Vine, Lord",561.0,0.857142857142857,https://www.hymnal.net/en/hymn/h/561,TRUE
407,祂為我死, He Died For Me,He died for me that I might live,362.0,0.428571428571429,https://www.hymnal.net/en/hymn/h/362,
408,時時刻刻, Moment By Moment,Moment By Moment,486.0,1.0,https://www.hymnal.net/en/hymn/h/486,TRUE
409,你是我異象, Be Thou My Vision,How God's heart yearns for fair 'Salem,6465.0,0.0,https://www.hymnal.net/en/hymn/h/6465,
410,不再是我, No Longer I,"Breathe Thou, O Lord, on me",842.0,0.0,https://www.hymnal.net/en/hymn/h/842,
411,耶穌我今歡然安息," Jesus! I Am Resting, Resting","Jesus! I am resting, resting",579.0,1.0,https://www.hymnal.net/en/hymn/h/579,TRUE
412,求主啟示主自己," Lord, Reveal Thyself To Me","Lord, reveal Thyself to me",412.0,1.0,https://www.hymnal.net/en/hymn/h/412,TRUE
413,當我憑著自己思想, When I Am In The Natural Man,When I am in the natural man,430.0,1.0,https://www.hymnal.net/en/hymn/h/430,TRUE
414,意志薄弱, My Will Is Weak,"My will is weak, my strength is frail",578.0,0.428571428571429,https://www.hymnal.net/en/hymn/h/578,
415,嘴唇不潔心思不潔, Unclean Lips And Unclean Thoughts,,,0.0,,
416,當我蒙恩能夠施恩, When I Grace To Mercy,He giveth more grace when the burdens grow greater,723.0,0.0,https://www.hymnal.net/en/hymn/h/723,
417,一生聰明未遇敵手," Intelligent Life, No Mismatched",,,0.0,,
418,求主倒空我脫自己, Come Empty Me Of Self,"Lord, Thou art manna true",8385.0,0.0,https://www.hymnal.net/en/hymn/h/8385,
419,一直走十架窄路, All The Way To Calvary,Crucified with Christ my Savior,481.0,0.0,https://www.hymnal.net/en/hymn/h/481,
420,從死亡得生命, Through Death To Life,Praise Him! praise Him! Christ is Victor,124.0,0.0,https://www.hymnal.net/en/hymn/h/124,
421,主你啟示一個奧祕," Lord, Thou Hast Shown The Mystery","Lord, Thou hast shown the mystery",488.0,1.0,https://www.hymnal.net/en/hymn/h/488,TRUE
422,主你知道所有乾渴," Lord, Thou Knowest All The Hunger","Lord, Thou knowest all the hunger",283.0,1.0,https://www.hymnal.net/en/hymn/h/283,TRUE
423,哦各各他, Oh Calvary,"Oh, how dark the night that wrapt my spirit round",994.0,0.0,https://www.hymnal.net/en/hymn/h/994,
424,你是平靜祕密之源, Thou Hidden Source Of Calm Repose,Thou hidden source of calm repose,532.0,1.0,https://www.hymnal.net/en/hymn/h/532,TRUE
425,耶穌為我, Jesus For Me,"Jesus, my Savior, is all things to me",517.0,0.0,https://www.hymnal.net/en/hymn/h/517,
426,祂自己, Himself,Amazing words!—He 'gave Himself for me,237.0,0.0,https://www.hymnal.net/en/hymn/h/237,
427,惟有耶穌, Jesus Only,All for Jesus! All for Jesus,444.0,0.0,https://www.hymnal.net/en/hymn/h/444,
428,基督就是我的世界, Jesus Is All The World To Me,Jesus is all the world to me,530.0,1.0,https://www.hymnal.net/en/hymn/h/530,TRUE
429,祂不誤事因祂是神," He Faileth Not, For He Is God","He faileth not, for He is God",693.0,1.0,https://www.hymnal.net/en/hymn/h/693,TRUE
430,再唱信心的歌, Keep Up The Song Of Faith,Keep up the song of faith,778.0,1.0,https://www.hymnal.net/en/hymn/h/778,TRUE
431,惟知道我所信的是誰, I Know Whom I Have Believed,I know not why God's wondrous grace,333.0,0.0909090909090909,https://www.hymnal.net/en/hymn/h/333,
432,在神沒有難成事, Nothing Is Impossible,All things are possible to him,535.0,0.0,https://www.hymnal.net/en/hymn/h/535,
433,站立在神話語的信實上面, Standing On The Faithfulness Of God's Own Word,,,0.0,,
434,信靠耶穌何其甘甜, Tis So Sweet To Trust In Jesus,Tis so sweet to trust in Jesus,568.0,1.0,https://www.hymnal.net/en/hymn/h/568,TRUE
435,不斷信靠主, Keep On Believing,When sorrow and storms are besetting my track,8519.0,0.0,https://www.hymnal.net/en/hymn/h/8519,
436,或這樣或那樣, In Some Way Or Other,In some way or other the Lord will provide,705.0,0.5,https://www.hymnal.net/en/hymn/h/705,
437,主阿即或盡是黑暗," Lord That Is, Or Is Full Of Darkness","Lord, to know Thee as our Person",1181.0,0.0,https://www.hymnal.net/en/hymn/h/1181,
438,要對這山說去," Say To This Mountain, ""Go! """,,,0.0,,
439,主我相信," Lord, I Believe","Lord, I believe a rest remains",424.0,0.4,https://www.hymnal.net/en/hymn/h/424,
440,最後一握, The Last Handful,,,0.0,,
441,只要相信, Only Believe,"Fear not, little flock, from the cross to the throne",649.0,0.0,https://www.hymnal.net/en/hymn/h/649,
442,祂看顧麻雀, His Eye Is On The Sparrow,,,0.0,,
443,前途如何我不知, I Know Not What Awaits Me,I know not what awaits me,711.0,1.0,https://www.hymnal.net/en/hymn/h/711,TRUE
444,我與神聖的愛立約," I Divine Love, Contracting",,,0.0,,
445,神說話我就相信祂," God Said It, And I Believe It",,,0.0,,
446,神的應許不能廢去, God's Promise Can Not Be Repealed?,,,0.0,,
447,我無能力我的主, I Can Not Afford My Lord,Worldly people who beheld You,8198.0,0.0,https://www.hymnal.net/en/hymn/h/8198,
448,神必定顧念你, God Will Take Care Of You,Be not dismayed whate'er betide,694.0,0.0,https://www.hymnal.net/en/hymn/h/694,
449,緊握我手, Hold Thou My Hand,"Hold Thou my hand: so weak I am, and helpless",388.0,0.333333333333333,https://www.hymnal.net/en/hymn/h/388,TRUE
450,以利沙代, El Shaddai,,,0.0,,
451,無你我就無法想, I Could Not Do Without Thee,I could not do without Thee,8421.0,1.0,https://www.hymnal.net/en/hymn/h/8421,TRUE
452,你信實何廣大, Great Is Thy Faithfulness,Great is Thy faithfulness,19.0,1.0,https://www.hymnal.net/en/hymn/h/19,TRUE
453,看哪神是我的拯救," Behold, God Is My Salvation",Before the throne of God above,327.0,0.0,https://www.hymnal.net/en/hymn/h/327,
454,我知主掌握明天, I Know Who Holds Tomorrow,,,0.0,,
455,倚靠耶和華真有福, Blessed Is He That Is Trusting The Lord,I clasp the hand of Love divine,576.0,0.0,https://www.hymnal.net/en/hymn/h/576,
456,永不灰心, Never Give Up,"Give up the world, Christ to obtain",1025.0,0.142857142857143,https://www.hymnal.net/en/hymn/h/1025,
457,我是一個異鄉旅客, I'm A Pilgrim And A Stranger,I'm a pilgrim and a stranger,8512.0,1.0,https://www.hymnal.net/en/hymn/h/8512,TRUE
458,惟靠耶穌, Trusting Jesus,Simply trusting every day,569.0,0.0,https://www.hymnal.net/en/hymn/h/569,
459,安穩在祂大能膀臂, Held In His Mighty Arm,,,0.0,,
460,不永不孤單," No, Never Alone","Fear not, I am with thee",686.0,0.0,https://www.hymnal.net/en/hymn/h/686,
461,奇妙又奇妙的耶穌," Wonderful, Wonderful Jesus",Christ has a full redemption made,986.0,0.0,https://www.hymnal.net/en/hymn/h/986,
462,我惟靠你, We Rest On Thee,"We rest on Thee, our Shield and our Defender",881.0,0.375,https://www.hymnal.net/en/hymn/h/881,TRUE
463,我靈鎮靜," Be Still, My Soul","Be all at rest, my soul! Oh! blessed secret",654.0,0.1,https://www.hymnal.net/en/hymn/h/654,
464,每一天, Day By Day,By the cross discern the spirit,748.0,0.0,https://www.hymnal.net/en/hymn/h/748,
465,安息在那永久膀臂中, Resting On The Everlasting Arms,,,0.0,,
466,將一切憂慮卸給神, Cast All Your Care Upon Him,,,0.0,,
467,信靠親愛救主, Trusting In The Saviour,I could not do without Thee,8421.0,0.0,https://www.hymnal.net/en/hymn/h/8421,
468,是愛的神作我牧人, The Lord My Shepherd Is,The Lord is my Shepherd forever,1170.0,0.285714285714286,https://www.hymnal.net/en/hymn/h/1170,FALSE
469,耶穌是我牧者, Jesus Is Our Shepherd,"Jesus, our wonderful Shepherd",1221.0,0.0,https://www.hymnal.net/en/hymn/h/1221,
470,詩篇二十三篇,The 23Rd Psalm,,,,,
471,一路我蒙救主引領, All The Way My Saviour Leads Me,,,0.0,,
472,指示你路," Teach Me Thy Way, O Lord","Teach me Thy way, O Lord",406.0,1.0,https://www.hymnal.net/en/hymn/h/406,TRUE
473,求握我手引領我, Hold My Hand And Lead Me,I know not what awaits me,711.0,0.0,https://www.hymnal.net/en/hymn/h/711,
474,領我大哉主耶和華," Guide Me, O Thou Great Jehovah",,,0.0,,
475,引我柔愛的光," Lead, Kindly Light",I know not what awaits me,711.0,0.0,https://www.hymnal.net/en/hymn/h/711,
476,慈愛天父求引領我," Lead Us, Heavenly Father",How true it is no heart may comprehend,982.0,0.0,https://www.hymnal.net/en/hymn/h/982,
477,神用奧祕行動前來, God Moves In A Mysterious Way,God moves in a mysterious way,675.0,1.0,https://www.hymnal.net/en/hymn/h/675,TRUE
478,求主耶穌操我舵," Jesus, Savior, Pilot Me","Jesus, Savior, pilot me",392.0,1.0,https://www.hymnal.net/en/hymn/h/392,TRUE
479,祂帶領我, He Leadeth Me,He leadeth me! O blessed thought,585.0,0.4,https://www.hymnal.net/en/hymn/h/585,
480,聖靈真實引導者," Holy Spirit, Faithful Guide","Gracious Lord, Thy name I AM is",78.0,0.0,https://www.hymnal.net/en/hymn/h/78,
481,救主領我免迷途," Saviour, Lead Me, Lest I Stray",,,0.0,,
482,天上的榮光, Heavenly Sunshine,Fairest Lord Jesus,175.0,0.0,https://www.hymnal.net/en/hymn/h/175,
483,緊握我手引領我, Take Thou My Hand,"Hold Thou my hand: so weak I am, and helpless",388.0,0.2,https://www.hymnal.net/en/hymn/h/388,FALSE
484,溫柔引領我回家," Lead Me Gently Home, Father",,,0.0,,
485,我用眼睛引導你, I Will Guide Thee With Mine Eye,Precious promise God doth give thee,703.0,0.0,https://www.hymnal.net/en/hymn/h/703,
486,我的恩典夠你使用, My Grace Is Sufficient For Thee,I'll sing of the wonderful promise,721.0,0.0,https://www.hymnal.net/en/hymn/h/721,
487,耶穌醫治破碎心懷, Jesus Heals The Broken-Hearted,,,0.0,,
488,新鮮如同清晨甘露, Fresh As The Dew Of The Morning,Fresh as the dew of the morning,708.0,1.0,https://www.hymnal.net/en/hymn/h/708,TRUE
489,我常居住天愛中, In Heavenly Love Abiding,In heavenly love abiding,8490.0,1.0,https://www.hymnal.net/en/hymn/h/8490,TRUE
490,安穩在耶穌手臂, Safe In The Arms Of Jesus,Safe in the arms of Jesus,679.0,1.0,https://www.hymnal.net/en/hymn/h/679,TRUE
491,絕沒有," No, Not One","Lord, hast Thou not one word for me",810.0,0.125,https://www.hymnal.net/en/hymn/h/810,
492,是否疲倦," Art Thou Weary, Heavy Laden?",,,0.0,,
493,像長江大河, Like A River Glorious,"Like a river, glorious",719.0,1.0,https://www.hymnal.net/en/hymn/h/719,TRUE
494,哦我魂可無恐, It Is Well With My Soul,It is well,341.0,0.4,https://www.hymnal.net/en/hymn/h/341,
495,我錨已拋牢, My Anchor Holds,My hope is built on nothing less,298.0,0.0,https://www.hymnal.net/en/hymn/h/298,
496,耶穌靈魂的愛人," Jesus, Lover Of My Soul","Jesus, lover of my soul",1057.0,1.0,https://www.hymnal.net/en/hymn/h/1057,TRUE
497,望斷以及於耶穌, Looking Off Unto Jesus,There's a race for us to run—Hallelujah,1206.0,0.0,https://www.hymnal.net/en/hymn/h/1206,
498,每日都要領會, Some Time We'Ll Understand,,,0.0,,
499,我今所知主恩有限," Divine Grace, I Know This Is Limited",,,0.0,,
500,當我來到我盡頭, When I Come To The End Of Myself,In A Lifetime Never Met A Clever Rival,8310.0,0.0,https://www.hymnal.net/en/hymn/h/8310,
501,重擔當託耶和華, Cast Thy Burden On The Lord,Weary pilgrim on life's pathway,697.0,0.0,https://www.hymnal.net/en/hymn/h/697,
502,十架不會重逾祂恩典, The Cross Is Not Greater Than His Grace,The cross that He gave may be heavy,722.0,0.0769230769230769,https://www.hymnal.net/en/hymn/h/722,
503,重擔可解脫在加略山, Burdens Are Lifted At Calvary,,,0.0,,
504,神仍坐著為王, God Is Still On The Throne,The love of God is greater far,28.0,0.1,https://www.hymnal.net/en/hymn/h/28,
505,神未曾應許天色常藍, God Hath Not Promised Skies Always Blue,God Hath Not Promised,8526.0,0.5,https://www.hymnal.net/en/hymn/h/8526,TRUE
506,來吧憂傷的人," Come, Ye Disconsolate","Come, ye disconsolate, where'er ye languish",684.0,0.333333333333333,https://www.hymnal.net/en/hymn/h/684,TRUE
507,神的路是正路, God's Way Is The Best Way,A mighty flowing-out is God,1198.0,0.0,https://www.hymnal.net/en/hymn/h/1198,
508,父我知道我的一生," Father, I Know That All My Life","Lord, Thou knowest all the hunger",283.0,0.0,https://www.hymnal.net/en/hymn/h/283,
509,當轉眼仰望耶穌, Turn Your Eyes Upon Jesus,Turn your eyes upon Jesus,645.0,1.0,https://www.hymnal.net/en/hymn/h/645,TRUE
510,當我在於最暗時間, When I Was In The Darkest Time,,,0.0,,
511,主顧念嗎, Does Jesus Care?,Does Jesus care when my heart is pained,695.0,0.285714285714286,https://www.hymnal.net/en/hymn/h/695,TRUE
512,主你正懷念我," Thou Thinkest, Lord, Of Me",Amid the trials that I meet,698.0,0.0,https://www.hymnal.net/en/hymn/h/698,
513,主已知道你的挫折, Lord Have To Know Your Frustration,,,0.0,,
514,親愛主握我手," Precious Lord, Take My Hand","Through God's word, my hope at His returning",1210.0,0.0,https://www.hymnal.net/en/hymn/h/1210,
515,現今時候已不多, Today There Is Not Much Time,There remains not much more time,8660.0,0.111111111111111,https://www.hymnal.net/en/hymn/h/8660,
516,榮耀的盼望, O Hope Of Glory,"O hope of glory, our Christ will return",966.0,0.428571428571429,https://www.hymnal.net/en/hymn/h/966,
517,當我恩主降臨時候, When My Blest Lord Will Come Again,When my blest Lord will come again,965.0,1.0,https://www.hymnal.net/en/hymn/h/965,TRUE
518,救我恩典, Saved By Grace,How pleasant is the sound of praise,113.0,0.0,https://www.hymnal.net/en/hymn/h/113,
519,在那邊點名的時候, When The Roll Is Called Up Yonder,,,0.0,,
520,你要不死, We May Not Die,"Look to Jesus, weary one",1036.0,0.0,https://www.hymnal.net/en/hymn/h/1036,
521,基督再臨, Christ Returneth,,,0.0,,
522,羔羊婚筵, The Marriage Supper Of The Lamb,,,0.0,,
523,我將站在王面前, We Shall Stand Before The King,Hail to the Lord's Anointed,968.0,0.0,https://www.hymnal.net/en/hymn/h/968,
524,主耶穌我正等待," Lord Jesus, I Am Waiting For","Lord Jesus, I am waiting",8753.0,0.8,https://www.hymnal.net/en/hymn/h/8753,
525,主當我們被提上升, Lord When We Are Put Up,Upon the throne of Jesus Christ,1188.0,0.0,https://www.hymnal.net/en/hymn/h/1188,
526,當那偉大日子, When That Great Day,O happy day that fixed my choice,347.0,0.0,https://www.hymnal.net/en/hymn/h/347,
527,這世界非我家, This World Is Not My Home,"I cannot tell why He, whom angels worship",934.0,0.0,https://www.hymnal.net/en/hymn/h/934,
528,我想我家鄉在那邊, Oh Think Of The Home Over There,In A Lifetime Never Met A Clever Rival,8310.0,0.0,https://www.hymnal.net/en/hymn/h/8310,
529,天是我家, Heaven Is My Home,In heavenly love abiding,8490.0,0.0,https://www.hymnal.net/en/hymn/h/8490,
530,我們將要聚集河邊, Shall We Gather At The River?,,,0.0,,
531,更近天上美家, Closer To My Home,Sweet Will of God,383.0,0.0,https://www.hymnal.net/en/hymn/h/383,
532,玉漏沙殘, The Sands Of Time,Art thou sunk in depths of sorrow,677.0,0.0,https://www.hymnal.net/en/hymn/h/677,
533,更美地, More Beautiful Places,,,0.0,,
534,天是我家, Heaven Is My Home,In heavenly love abiding,8490.0,0.0,https://www.hymnal.net/en/hymn/h/8490,
535,因有羔羊血洗淨, Washed In The Blood Of The Lamb,Have you been to Jesus for the cleansing pow'r,1007.0,0.0,https://www.hymnal.net/en/hymn/h/1007,
536,在於新耶路撒冷, In The New Jerusalem,"God our Father, we adore Thee",20.0,0.0,https://www.hymnal.net/en/hymn/h/20,
537,向前直往錫安, We Are Marching To Zion,,,0.0,,
538,當我們都回天家, When We All Get To Heaven,,,0.0,,
539,第一羨慕是救主, My Savior First Of All,"Alas, and did my Savior bleed",999.0,0.125,https://www.hymnal.net/en/hymn/h/999,
540,前去我們口號, Forward! Be Our Watchword,Forward! be our watchword,663.0,1.0,https://www.hymnal.net/en/hymn/h/663,TRUE
541,哦這就是我的榮耀, O That Will Be Glory,"Soon our Lord will come, the day is drawing nigh",956.0,0.0,https://www.hymnal.net/en/hymn/h/956,
542,再不久, Sweet By And By,"Day by day, and with each passing moment",713.0,0.0,https://www.hymnal.net/en/hymn/h/713,
543,哦主撒冷是你的建設," Oh, Lord, That You Build In Jerusalem","Lo, the kingdom of the world is now",1101.0,0.0,https://www.hymnal.net/en/hymn/h/1101,
544,客旅, The Pilgrim,Grace! 'tis a charming sound,312.0,0.0,https://www.hymnal.net/en/hymn/h/312,
545,禱告乃是靈中所燒聖香, Prayer Is The Incense Of A Holy Heart,Prayer is the incense of a holy heart,762.0,1.0,https://www.hymnal.net/en/hymn/h/762,TRUE
546,教我禱告主, Teach Me To Pray,"Teach me to pray, Lord, teach me to pray",766.0,0.6,https://www.hymnal.net/en/hymn/h/766,TRUE
547,是有福禱告良辰, Tis The Blessed Hour Of Prayer,,,0.0,,
548,每一禱告都有答應, Every Prayer Will Find Its Answer,Prayer is the incense of a holy heart,762.0,0.0,https://www.hymnal.net/en/hymn/h/762,
549,憑信心求, Ask In Faith,"Ask in faith, the Name of Jesus",776.0,0.333333333333333,https://www.hymnal.net/en/hymn/h/776,TRUE
550,何等朋友我主耶穌, What A Friend We Have In Jesus,What a Friend we have in Jesus,789.0,1.0,https://www.hymnal.net/en/hymn/h/789,TRUE
551,求主教我如何禱告, Teach Us To Pray,Prayer is the incense of a holy heart,762.0,0.0,https://www.hymnal.net/en/hymn/h/762,
552,禱告之時, Sweet Hour Of Prayer,I come before Thy throne of grace,813.0,0.0,https://www.hymnal.net/en/hymn/h/813,
553,當告訴耶穌, Tell It To Jesus,I love to tell the story,1064.0,0.0,https://www.hymnal.net/en/hymn/h/1064,
554,要告訴耶穌, I Must Tell Jesus,I must tell Jesus all of my trials,787.0,0.428571428571429,https://www.hymnal.net/en/hymn/h/787,
555,尚未蒙允, Unanswered Yet?,,,0.0,,
556,只要與主說一聲, A Little Talk With Jesus,While fighting for my Savior here,8570.0,0.0,https://www.hymnal.net/en/hymn/h/8570,
557,親愛主我不能禱告, Distraction In Prayer,,,0.0,,
558,靠近主, Close To Thee,I cannot breathe enough of Thee,172.0,0.0,https://www.hymnal.net/en/hymn/h/172,
559,你們若專心尋求我, If With All Your Hearts Ye Truly Seek Me,,,0.0,,
560,耶穌是我的我有把握, Blessed Assurance,Blessed assurance,308.0,1.0,https://www.hymnal.net/en/hymn/h/308,TRUE
561,祂是我愛在破曉清晨, He's The One I Love In The Morning,,,0.0,,
562,我有一位好朋友, I Have A Friend So Precious,My Lord and I,8409.0,0.0,https://www.hymnal.net/en/hymn/h/8409,
563,渴慕耶穌, Longing For Jesus,He died for me that I might live,362.0,0.0,https://www.hymnal.net/en/hymn/h/362,
564,祂摸我, He Touched Me,Does Jesus care when my heart is pained,695.0,0.0,https://www.hymnal.net/en/hymn/h/695,
565,奇妙又奇妙的耶穌," Wonderful, Wonderful Jesus",Christ has a full redemption made,986.0,0.0,https://www.hymnal.net/en/hymn/h/986,
566,主我是屬你," I Am Thine, O Lord","I am Thine, O Lord, I have heard Thy voice",387.0,0.444444444444444,https://www.hymnal.net/en/hymn/h/387,
567,哦主求你長在我心," O Jesus Christ, Grow Thou In Me","O Jesus Christ, grow Thou in me",395.0,1.0,https://www.hymnal.net/en/hymn/h/395,TRUE
568,主阿你面我正尋求," O Lord, Thy Face I Am Seeking","I prostrate, Lord, before Thee",8128.0,0.0,https://www.hymnal.net/en/hymn/h/8128,
569,我神我心充滿安寧," My Heart Is Resting, O My God","My heart is resting, O my God",601.0,1.0,https://www.hymnal.net/en/hymn/h/601,TRUE
570,沒有間隔主," Nothing Between, Lord","Nothing between, Lord, nothing between",373.0,0.666666666666667,https://www.hymnal.net/en/hymn/h/373,
571,我時刻需要你, I Need Thee Every Hour,I need Thee every hour,371.0,1.0,https://www.hymnal.net/en/hymn/h/371,TRUE
572,我如困鹿切慕溪水, As Pants The Hart,As pants the hart for cooling streams,349.0,0.5,https://www.hymnal.net/en/hymn/h/349,
573,僕人的眼睛, As The Eyes Of The Servants,,,0.0,,
574,在花園中, In The Garden,"Come, ye sinners, poor and wretched",1032.0,0.0,https://www.hymnal.net/en/hymn/h/1032,
574,無別聲音破此靜寂, In The Garden,"Come, ye sinners, poor and wretched",1032.0,0.0,https://www.hymnal.net/en/hymn/h/1032,
575,主我願更親近你, Just A Closer Walk With Thee,Tis so sweet to walk with Jesus,587.0,0.1,https://www.hymnal.net/en/hymn/h/587,
576,我靈羨慕要你, My Spirit Longs For Thee,,,0.0,,
577,更加甘甜, Still Sweeter Every Day,"Jesus, I my cross have taken",460.0,0.0,https://www.hymnal.net/en/hymn/h/460,
578,與主同行真榮耀無比, It Is Glory Just To Walk With Him,,,0.0,,
579,你是愛的溫柔氣息, I Cannot Breathe Enough Of Thee,I cannot breathe enough of Thee,172.0,1.0,https://www.hymnal.net/en/hymn/h/172,TRUE
580,在隱密處與神同關鎖, Shut In With God,God in heaven hath a treasure,589.0,0.0,https://www.hymnal.net/en/hymn/h/589,
581,主耶穌我羨慕活在你面前," Lord Jesus, I Long In Thy Presence To Live","Lord Jesus, I long in Thy presence to live",389.0,1.0,https://www.hymnal.net/en/hymn/h/389,TRUE
582,親愛主寶貝主, Dear Lord! Precious Lord,"Dear Lord Jesus, precious Jesus",1158.0,0.166666666666667,https://www.hymnal.net/en/hymn/h/1158,TRUE
583,釋放我的靈, Set My Spirit Free,"Jesus, Redeemer and my one Inspirer",420.0,0.0,https://www.hymnal.net/en/hymn/h/420,
584,與你更親我神," Nearer, My God To Thee","Nearer, my God, to Thee",614.0,1.0,https://www.hymnal.net/en/hymn/h/614,TRUE
585,我的道路, The Path I Travel,If the path I travel,377.0,0.75,https://www.hymnal.net/en/hymn/h/377,
586,親近更親近," Nearer, Still Nearer","Nearer, my God, to Thee",614.0,0.0,https://www.hymnal.net/en/hymn/h/614,
587,晨光掠天而過, When Morning Gilds The Skies,When morning gilds the skies,238.0,1.0,https://www.hymnal.net/en/hymn/h/238,TRUE
588,每日早晨愛都新鮮, New Every Morning Is The Love,I've found the One of peerless worth,510.0,0.0,https://www.hymnal.net/en/hymn/h/510,
589,醒來我魂當隨朝陽," Awake, My Soul, And With The Sun","Mine is the earth, the worlds in all their fulness",596.0,0.0,https://www.hymnal.net/en/hymn/h/596,
590,夕陽西沉, Day Is Dying In The West,Day is dying in the west,616.0,1.0,https://www.hymnal.net/en/hymn/h/616,TRUE
591,救主耶穌我的太陽, Sun Of My Soul,"Sun of my soul, Thou Savior dear",374.0,0.5,https://www.hymnal.net/en/hymn/h/374,
592,傳給人, Pass It On,"Day by day, and with each passing moment",713.0,0.0,https://www.hymnal.net/en/hymn/h/713,
593,我愛傳講主福音, I Love To Tell The Story,I love to tell the story,1064.0,1.0,https://www.hymnal.net/en/hymn/h/1064,TRUE
594,我們有一故事傳給萬邦, We've A Story To Tell To The Nations,,,0.0,,
595,為你我今祈求, For You I Am Praying,"I have a Savior, He's pleading in glory",933.0,0.0,https://www.hymnal.net/en/hymn/h/933,
596,傳揚好信息, Publish Glad Tidings,"Christians, make haste, your mission high fulfilling",918.0,0.0,https://www.hymnal.net/en/hymn/h/918,
597,禾捆帶回來, Bringing In The Sheaves,"Laboring on the good land, laboring in the morning",1167.0,0.1,https://www.hymnal.net/en/hymn/h/1167,
598,傳道的呼喊, A Missionary Cry,,,0.0,,
599,去發光, Send The Light,I'll sing of the wonderful promise,721.0,0.0,https://www.hymnal.net/en/hymn/h/721,
600,到遠方到萬國, The Regions Beyond,,,0.0,,
601,我豈可去雙手空空," Must I Go, And Empty-Handed?","Must I go, and empty-handed",930.0,1.0,https://www.hymnal.net/en/hymn/h/930,TRUE
602,親愛罪人請你來," Come, Ye Sinners","Come, ye sinners, poor and wretched",1032.0,0.4,https://www.hymnal.net/en/hymn/h/1032,
603,我願你認識耶穌, I Wish You Knew My Jesus,,,0.0,,
604,你的罪雖如朱紅, Though You Sins Be As Scarlet,Though your sins be as scarlet,1037.0,0.428571428571429,https://www.hymnal.net/en/hymn/h/1037,
605,救主捨命心破碎, He Died Of A Broken Heart,"If I gained the world, but lost the Savior",1079.0,0.0,https://www.hymnal.net/en/hymn/h/1079,
606,因為神愛世人, For God So Loved The World,Lamb of God! our souls adore Thee,236.0,0.0,https://www.hymnal.net/en/hymn/h/236,
607,愛就是……, Love Was When...,One day when heaven was filled with His praises,987.0,0.0,https://www.hymnal.net/en/hymn/h/987,
608,仰望真神羔羊, Look To The Lamb Of God,Lamb of God so pure and spotless,1089.0,0.222222222222222,https://www.hymnal.net/en/hymn/h/1089,FALSE
609,至大醫生, The Great Physician,Have you found the great Physician,758.0,0.4,https://www.hymnal.net/en/hymn/h/758,
610,罪惡途中多年流蕩," Evil Way, Over The Years Wander",,,0.0,,
611,無人像耶穌這樣愛顧我, No One Ever Cared For Me Like Jesus,,,0.0,,
612,全脫落, Rolled Away,"Alas, and did my Savior bleed",999.0,0.0,https://www.hymnal.net/en/hymn/h/999,
613,祂除我罪, He Took My Sins Away,,,0.0,,
614,祂救了我, He Ransomed Me,"Jesus, keep me near the cross",1059.0,0.0,https://www.hymnal.net/en/hymn/h/1059,
615,一事我知道, This One Thing I Know,The days may yet grow darker,710.0,0.0,https://www.hymnal.net/en/hymn/h/710,
616,祂是我的一切, He's Everything To Me,Do you know that you were chosen,1332.0,0.0,https://www.hymnal.net/en/hymn/h/1332,
617,你心有空處為主嗎, Have You Any Room For Jesus?,,,0.0,,
618,永遠永遠永永遠遠, Eternity! Eternity!,Eternity! Eternity,1047.0,1.0,https://www.hymnal.net/en/hymn/h/1047,TRUE
619,讓祂進, Let Him In,Almost persuaded,1046.0,0.0,https://www.hymnal.net/en/hymn/h/1046,
620,要及時, Be In Time,Christ comes quickly for His Bride,1304.0,0.0,https://www.hymnal.net/en/hymn/h/1304,
621,讓耶穌來進入你心, Let Jesus Come Into Your Heart,If you are tired of the load of your sin,1038.0,0.0,https://www.hymnal.net/en/hymn/h/1038,
622,幾乎要聽勸, Almost Persuaded,Almost persuaded,1046.0,1.0,https://www.hymnal.net/en/hymn/h/1046,TRUE
623,來信耶穌, Come To Jesus,"Come, ye sinners, poor and wretched",1032.0,0.0,https://www.hymnal.net/en/hymn/h/1032,
624,何等柔細慈愛, Softly And Tenderly,Softly and tenderly Jesus is calling,1027.0,0.4,https://www.hymnal.net/en/hymn/h/1027,TRUE
625,今日召你, Calling Today,Jesus is tenderly calling thee home,1028.0,0.0,https://www.hymnal.net/en/hymn/h/1028,
626,耶穌今留步, Jesus Lingers Still,,,0.0,,
627,只要信祂, Only Trust Him,"Come, every soul by sin oppressed",1031.0,0.0,https://www.hymnal.net/en/hymn/h/1031,
628,照我本相, Just As I Am,Just as I am,1048.0,1.0,https://www.hymnal.net/en/hymn/h/1048,TRUE
629,你的歡迎聲音, I Hear Thy Welcome Voice,I hear Thy welcome voice,1051.0,1.0,https://www.hymnal.net/en/hymn/h/1051,TRUE
630,主我要回家," Lord, I'm Coming Home",I've wandered far away from God,1052.0,0.0,https://www.hymnal.net/en/hymn/h/1052,
631,救主耶穌我來," O Blessed Lord, I Come","Come, Lord, as the Spirit come",262.0,0.0,https://www.hymnal.net/en/hymn/h/262,
632,進入我心, Into My Heart,"Come into my heart, O Lord Jesus",1061.0,0.333333333333333,https://www.hymnal.net/en/hymn/h/1061,TRUE
633,莫把我漏掉, Pass Me Not,"Lord, I hear of show'rs of blessing",259.0,0.0,https://www.hymnal.net/en/hymn/h/259,
634,使我成祝福, Make Me A Blessing,Out in the highways and byways of life,929.0,0.0,https://www.hymnal.net/en/hymn/h/929,
635,愛主要我何去我就去, I'Ll Go Where You Want Me To Go,It may not be on the mountain's height,8651.0,0.0,https://www.hymnal.net/en/hymn/h/8651,
636,要忠心, Be True,As now we breathe the heav'nly air,8623.0,0.0,https://www.hymnal.net/en/hymn/h/8623,
637,我不過是你運河, Channels Only,"How I praise Thee, precious Savior",268.0,0.0,https://www.hymnal.net/en/hymn/h/268,
638,去作工, To The Work,To the work! to the work! we are servants of God,895.0,0.25,https://www.hymnal.net/en/hymn/h/895,TRUE
639,事奉耶穌真有快樂, There Is Joy In Serving Jesus,Since I've met the Lord,6751.0,0.0,https://www.hymnal.net/en/hymn/h/6751,
640,向我說話," Lord, Speak To Me","Lord, speak to me, that I may speak",903.0,0.428571428571429,https://www.hymnal.net/en/hymn/h/903,
641,主耶穌我曾應許," O Jesus, I Have Promised","O Jesus, I have promised",465.0,1.0,https://www.hymnal.net/en/hymn/h/465,TRUE
642,不再是我乃是基督, Not I But Christ,"Not I, but Christ be honored, loved, exalted",591.0,0.428571428571429,https://www.hymnal.net/en/hymn/h/591,FALSE
643,神聖呼召, Divine Calling,"Given us, given us, God has given us",1211.0,0.0,https://www.hymnal.net/en/hymn/h/1211,
644,趕緊工作夜快臨," Work, For The Night Is Coming","Work, for the night is coming",8661.0,1.0,https://www.hymnal.net/en/hymn/h/8661,TRUE
644,儆醒阿黑夜已深," Work, For The Night Is Coming","Work, for the night is coming",8661.0,1.0,https://www.hymnal.net/en/hymn/h/8661,TRUE
645,要將最好獻上, Our Best,All praise to our redeeming Lord,858.0,0.0,https://www.hymnal.net/en/hymn/h/858,
646,正當時日悄然而過, While The Days Are Going By,,,0.0,,
647,復興你工作主," Revive Thy Work, O Lord","Revive Thy work, O Lord",797.0,1.0,https://www.hymnal.net/en/hymn/h/797,TRUE
648,恩雨降恩雨, Showers Of Blessing,Prayer is the incense of a holy heart,762.0,0.0,https://www.hymnal.net/en/hymn/h/762,
649,降聖火, Send The Fire,I have been through the valley of sorrow and weeping,728.0,0.0,https://www.hymnal.net/en/hymn/h/728,
650,五旬大權能, Pentecostal Power,With one accord within an upper room,258.0,0.0,https://www.hymnal.net/en/hymn/h/258,
651,賜下大復興, Send A Great Revival,,,0.0,,
652,懇求我主鑒察我的心思," Search Me, O God","Search me, O God, my actions try",407.0,0.5,https://www.hymnal.net/en/hymn/h/407,
653,枯乾的骸骨阿, O Ye Dry Bones,,,0.0,,
654,我神乃是大能堡壘, A Mighty Fortress Is Our God,A mighty Fortress is our God,886.0,1.0,https://www.hymnal.net/en/hymn/h/886,TRUE
655,古聖信仰, Faith Of Our Fathers,"Faith of our fathers, living still",830.0,0.6,https://www.hymnal.net/en/hymn/h/830,TRUE
656,當你苦受撒但試探, When You Suffered The Temptation Of Satan,,,0.0,,
657,今日戰爭兇猛, Conflict Today Is Fierce,Conflict today is fierce,893.0,1.0,https://www.hymnal.net/en/hymn/h/893,TRUE
658,起來起來為耶穌," Stand Up, Stand Up For Jesus",Stand up! stand up for Jesus,870.0,1.0,https://www.hymnal.net/en/hymn/h/870,TRUE
659,神的兒子出戰前方, The Son Of God Goes Forth To War,The Son of God goes forth to war,884.0,1.0,https://www.hymnal.net/en/hymn/h/884,TRUE
660,我不敢稍微失敗, I Dare Not Be Defeated,I dare not be defeated,877.0,1.0,https://www.hymnal.net/en/hymn/h/877,TRUE
661,耶穌的十字架, Cross Of Jesus,Beneath the cross of Jesus,621.0,0.5,https://www.hymnal.net/en/hymn/h/621,
662,得勝靠耶穌, Victory In Jesus,Hallelujah! sing to Jesus,125.0,0.0,https://www.hymnal.net/en/hymn/h/125,
663,站住你當為主站住, Stand Up For Jesus,"Precious Savior, Thou hast saved me",318.0,0.0,https://www.hymnal.net/en/hymn/h/318,
664,福音執事當宣告," Gospel Deacon, When The Declaration",,,0.0,,
665,從軍的教會, Join The Army Of The Church,Fight the battle in the Body,885.0,0.0,https://www.hymnal.net/en/hymn/h/885,
666,誰是在主這邊, Who Is On The Lord's Side?,Who is on the Lord's side,469.0,1.0,https://www.hymnal.net/en/hymn/h/469,TRUE
667,親愛基督精兵," Soldier, Soldier, Fighting","Soldier, soldier, fighting in the world's great strife",648.0,0.25,https://www.hymnal.net/en/hymn/h/648,TRUE
668,哈利路亞耶穌得勝, Hallelujah! Christ Is Victor,Hallelujah! Christ is Victor,890.0,1.0,https://www.hymnal.net/en/hymn/h/890,TRUE
669,爭戰原來不是你的," Battle, The Original Is Not Your",,,0.0,,
670,靠主耶穌聖名, In The Name Of Jesus,"Glory, everlasting glory",134.0,0.0,https://www.hymnal.net/en/hymn/h/134,
671,超乎萬名之上的名, The Name Which Is Above Every Name,"The work is Thine, O Christ our Lord",899.0,0.0,https://www.hymnal.net/en/hymn/h/899,
672,要全心要真心," True-Hearted, Whole-Hearted",,,0.0,,
673,衝過戰士哪衝過," Charge, Soldiers Charge In Battle","Charge, soldiers, charge in battle",873.0,1.0,https://www.hymnal.net/en/hymn/h/873,TRUE
674,當奉耶穌這名站住, The Name Of Jesus Is Our Stand,The name of Jesus is our stand,887.0,1.0,https://www.hymnal.net/en/hymn/h/887,TRUE
675,神的子民被寇, God's People Were Detained!,,,0.0,,
676,榮耀教會, A Glorious Church,Do you see them in the cities,1257.0,0.0,https://www.hymnal.net/en/hymn/h/1257,
677,美麗錫安我神聖城, Glorious Things Of Thee Are Spoken,Glorious things of thee are spoken,977.0,1.0,https://www.hymnal.net/en/hymn/h/977,TRUE
678,主我愛你國度," I Love Thy Kingdom, Lord","I love Thy kingdom, Lord",853.0,1.0,https://www.hymnal.net/en/hymn/h/853,TRUE
679,求主住在教會中," Jesus, With Thy Church Abide",,,0.0,,
680,我們聚集在你墓的四圍," Around Thy Grave, Lord Jesus","Around Thy grave, Lord Jesus",935.0,1.0,https://www.hymnal.net/en/hymn/h/935,TRUE
681,與主同葬, Buried With Christ,"Buried with Christ, and raised with Him too",483.0,0.285714285714286,https://www.hymnal.net/en/hymn/h/483,TRUE
682,阿爸我們進前來," Father, We Are Entering",,,0.0,,
683,為著這餅和這杯, For The Bread And For The Wine,For the bread and for the wine,226.0,1.0,https://www.hymnal.net/en/hymn/h/226,TRUE
684,主舉愛旗遮蓋我們, Jesus Spreads His Banner Over Us,,,0.0,,
685,主在此我要與你面對面," Here, O My Lord, I See Thee Face To Face","Here, O my Lord, I see Thee face to face",225.0,1.0,https://www.hymnal.net/en/hymn/h/225,TRUE
686,主耶穌當那晚間," On That Same Night, Lord Jesus","On that same night, Lord Jesus",213.0,1.0,https://www.hymnal.net/en/hymn/h/213,TRUE
687,我們照你恩惠話語, According To Thy Gracious Word,According to Thy gracious word,214.0,1.0,https://www.hymnal.net/en/hymn/h/214,TRUE
688,願主為我擘開生命的餅, Break Thou The Bread Of Life,Break Thou the Bread of Life,806.0,1.0,https://www.hymnal.net/en/hymn/h/806,TRUE
689,我主請說僕人敬聽," Master, Speak! Thy Servant Heareth","Master, speak! Thy servant heareth",808.0,1.0,https://www.hymnal.net/en/hymn/h/808,TRUE
690,主你有否一句為我," Lord, Hast Thou Not One Word For Me?","Lord, hast Thou not one word for me",810.0,1.0,https://www.hymnal.net/en/hymn/h/810,TRUE
691,主阿我們聚集你前," Lord, In Thy Presence We Are Met",From the north where God is dwelling,1201.0,0.0,https://www.hymnal.net/en/hymn/h/1201,
692,救主我們因你話," Blessed Jesus, At Thy Word",Glorious things of thee are spoken,977.0,0.0,https://www.hymnal.net/en/hymn/h/977,
693,我們呼吸天上空氣, The Air We Breathe In Heaven,,,0.0,,
694,福哉愛的捆綁, Blest Be The Tie That Binds,Blest be the tie that binds,860.0,1.0,https://www.hymnal.net/en/hymn/h/860,TRUE
695,弟兄和睦同居, Brothers To Be Living Together In Harmony,,,0.0,,
696,聖徒眾心愛相繫," Christian Hearts, In Love United",,,0.0,,
697,哦完全的愛, O Perfect Love,A mind at perfect peace with God,299.0,0.0,https://www.hymnal.net/en/hymn/h/299,
698,愛的神阿在你座前, O God Of Love To Thee We Bow,"O God our Father, we would come to Thee",55.0,0.153846153846154,https://www.hymnal.net/en/hymn/h/55,FALSE
699,我們愛, We Love,Cross of Christ! lead onward,634.0,0.0,https://www.hymnal.net/en/hymn/h/634,
700,慈仁牧人, Loving Mercy Shepherd,"Lord, You Have Come to Me",6429.0,0.0,https://www.hymnal.net/en/hymn/h/6429,
701,看哪慈愛牧者站立, See Israel's Gentle Shepherd Stand,,,0.0,,
702,願神同在直至再見面, God Be With You Till We Meet Again,God be with you till we meet again,861.0,1.0,https://www.hymnal.net/en/hymn/h/861,TRUE
703,再見, Good-Bye,,,0.0,,
704,你要痊愈麼, Wilt Thou Be Made Whole?,What love Thou hast bestowed on us,30.0,0.0,https://www.hymnal.net/en/hymn/h/30,
705,只一摸, Just One Touch,Just one touch as He moves along,759.0,0.333333333333333,https://www.hymnal.net/en/hymn/h/759,TRUE
706,神的福音何等有福, Blessed Be The Glorious Tidings,"God shall rise, His foes be scattered",1100.0,0.0,https://www.hymnal.net/en/hymn/h/1100,
707,身體得生命, Life For The Body,"Oh, the church of Christ is glorious",1226.0,0.0,https://www.hymnal.net/en/hymn/h/1226,
708,祂醫治我讚美祂名," He Healeth Me, O Bless His Name","He healeth me, oh, bless His name",755.0,0.5,https://www.hymnal.net/en/hymn/h/755,
709,主裡安睡, Asleep In Jesus,,,0.0,,
710,睡罷親愛, Sleep My Dear,"Sun of my soul, Thou Savior dear",374.0,0.0,https://www.hymnal.net/en/hymn/h/374,
711,今將此身安葬入墓, The Body In The Grave,"Thine be the glory, risen, conqu'ring Son",121.0,0.0,https://www.hymnal.net/en/hymn/h/121,
712,又是一年正起首, Another Year Is Dawning,,,0.0,,
713,感謝神, Thanks To God,Pray to touch the throne of God,783.0,0.0,https://www.hymnal.net/en/hymn/h/783,
714,讓我們重起首," Come, Let Us Anew","Your ministry, O Lord",1187.0,0.0,https://www.hymnal.net/en/hymn/h/1187,
715,數主恩惠, Count Your Blessings,When upon life's billows you are tempest tossed,707.0,0.0,https://www.hymnal.net/en/hymn/h/707,
716,詩篇一百五十篇,The 150 Psalm,,,,,